hotel_id,city,hotel_name,hotel_link
IVU_000001,vung-tau,Khách sạn Imperial Vũng Tàu,https://www.ivivu.com/khach-san-vung-tau/khach-san-imperial-vung-tau
IVU_000002,vung-tau,Khu nghỉ dưỡng Holiday Inn Hồ Tràm,https://www.ivivu.com/khach-san-vung-tau/khu-nghi-duong-holiday-inn-ho-tram
IVU_000003,vung-tau,Melia Hồ Tràm Beach Resort,https://www.ivivu.com/khach-san-vung-tau/khu-nghi-duong-melia-ho-tram
IVU_000004,vung-tau,Khách sạn ibis Styles Vũng Tàu,https://www.ivivu.com/khach-san-vung-tau/khach-san-ibis-styles-vung-tau
IVU_000005,vung-tau,Mercure Hotel Vũng Tàu,https://www.ivivu.com/khach-san-vung-tau/khach-san-mercure-vung-tau
IVU_000006,vung-tau,Khu nghỉ dưỡng Ixora Hồ Tràm by Fusion,https://www.ivivu.com/khach-san-vung-tau/khu-nghi-duong-ixora-ho-tram-by-fusion
IVU_000007,vung-tau,Minera Hot Springs Bình Châu (Khoáng Nóng Thiên Nhiên Bình Châu),https://www.ivivu.com/khach-san-vung-tau/minera-hot-springs-binh-chau
IVU_000008,vung-tau,Khu nghỉ dưỡng Dhawa Hồ Tràm,https://www.ivivu.com/khach-san-vung-tau/khu-nghi-duong-dhawa-ho-tram
IVU_000009,vung-tau,Khu nghỉ dưỡng Angsana Hồ Tràm,https://www.ivivu.com/khach-san-vung-tau/khu-nghi-duong-angsana-ho-tram
IVU_000010,vung-tau,Khách sạn Vias Vũng Tàu,https://www.ivivu.com/khach-san-vung-tau/khach-san-vias-vung-tau
IVU_000011,vung-tau,Khách sạn Fusion Suites Vũng Tàu,https://www.ivivu.com/khach-san-vung-tau/khach-san-fusion-suites-vung-tau
IVU_000012,vung-tau,Khu nghỉ dưỡng Lan Rừng Beach Phước Hải,https://www.ivivu.com/khach-san-vung-tau/khu-nghi-duong-lan-rung-beach-phuoc-hai
IVU_000013,vung-tau,Khách sạn InterContinental Grand Hồ Tràm,https://www.ivivu.com/khach-san-vung-tau/InterContinental-Grand-Ho-Tram
IVU_000014,vung-tau,Kim Minh Boutique - Luxury Hotel & Apartment,https://www.ivivu.com/khach-san-vung-tau/kim-minh-boutique-luxury-hotel-apartment
IVU_000015,vung-tau,Khách sạn Premier Pearl Vũng Tàu,https://www.ivivu.com/khach-san-vung-tau/khach-san-premier-pearl-vung-tau
IVU_000016,vung-tau,Khách sạn Malibu Vũng Tàu,https://www.ivivu.com/khach-san-vung-tau/khach-san-malibu-vung-tau
IVU_000017,vung-tau,Marina Bay Resort & Spa Vũng Tàu,https://www.ivivu.com/khach-san-vung-tau/marina-bay-resort-spa-vung-tau
IVU_000018,vung-tau,Khách sạn Annata Beach Vũng Tàu,https://www.ivivu.com/khach-san-vung-tau/khach-san-annata-beach-vung-tau
IVU_000019,vung-tau,Khách sạn SK Legend Vũng Tàu,https://www.ivivu.com/khach-san-vung-tau/sk-legend-vung-tau-hotel
IVU_000020,vung-tau,Stella Hotel & Apartment Vũng Tàu,https://www.ivivu.com/khach-san-vung-tau/stella-hotel-apartment
IVU_000021,vung-tau,Khu Nghỉ Dưỡng Emerald Hồ Tràm,https://www.ivivu.com/khach-san-vung-tau/khu-nghi-duong-emerald-ho-tram
IVU_000022,vung-tau,Khu nghỉ dưỡng Seava Hồ Tràm,https://www.ivivu.com/khach-san-vung-tau/khu-nghi-duong-seava-ho-tram
IVU_000023,vung-tau,Khách sạn The Cap Vũng Tàu,https://www.ivivu.com/khach-san-vung-tau/khach-san-the-cap-vung-tau
IVU_000024,vung-tau,Khu nghỉ dưỡng Le Palmier Hồ Tràm,https://www.ivivu.com/khach-san-vung-tau/khu-nghi-duong-le-palmier-ho-tram
IVU_000025,vung-tau,Khách sạn Pullman Vũng Tàu,https://www.ivivu.com/khach-san-vung-tau/khach-san-pullman-vung-tau
IVU_000026,vung-tau,Khách sạn Golden Era Vũng Tàu,https://www.ivivu.com/khach-san-vung-tau/khach-san-golden-era-vung-tau
IVU_000027,vung-tau,Hồ Tràm Beach Boutique Resort & Spa,https://www.ivivu.com/khach-san-vung-tau/khu-nghi-duong-ho-tram-beach-vung-tau
IVU_000028,vung-tau,Khu nghỉ dưỡng Vietsovpetro Hồ Tràm,https://www.ivivu.com/khach-san-vung-tau/khu-nghi-duong-vietsovpetro-ho-tram
IVU_000029,vung-tau,Khu nghỉ dưỡng Fleur de Lys Long Hải,https://www.ivivu.com/khach-san-vung-tau/khu-nghi-duong-fleur-de-lys-long-hai
IVU_000030,vung-tau,Khu Nghỉ Dưỡng Wonderland Royal Mansions Hồ Tràm,https://www.ivivu.com/khach-san-vung-tau/khu-nghi-duong-wonderland-royal-mansions-ho-tram
IVU_000031,vung-tau,Khách sạn Green Vũng Tàu,https://www.ivivu.com/khach-san-vung-tau/green-hotel-vung-tau
IVU_000032,vung-tau,Khách sạn New Wave Vũng Tàu,https://www.ivivu.com/khach-san-vung-tau/khach-san-new-wave-vung-tau
IVU_000033,vung-tau,Khách sạn Petro House Vũng Tàu,https://www.ivivu.com/khach-san-vung-tau/khach-san-petro-house-vung-tau
IVU_000034,vung-tau,Khách sạn Petro,https://www.ivivu.com/khach-san-vung-tau/petro-hotel
IVU_000035,vung-tau,Khách sạn Queen Garden,https://www.ivivu.com/khach-san-vung-tau/queen-garden-hotel
IVU_000036,vung-tau,Saint Simeon Resort & Spa Long Hải,https://www.ivivu.com/khach-san-vung-tau/saint-simeon-resort-spa-long-hai
IVU_000037,vung-tau,Melody Apartment Vũng Tàu - Xuân's Homestay,https://www.ivivu.com/khach-san-vung-tau/family-homestay-melody-vung-tau
IVU_000038,vung-tau,Khách sạn Mermaid Seaside Vũng Tàu,https://www.ivivu.com/khach-san-vung-tau/khach-san-mermaid-seaside-vung-tau
IVU_000039,vung-tau,Khách sạn Petro House Vũng Tàu (Block A),https://www.ivivu.com/khach-san-vung-tau/khach-san-petro-house-vung-tau-block-a
IVU_000040,vung-tau,Khách sạn Lam Kiều,https://www.ivivu.com/khach-san-vung-tau/lam-kieu-hotel
IVU_000041,vung-tau,Aria Resort - BlueShaphire Can ho nghi duong co ha boi va bai tam rieng,https://www.ivivu.com/khach-san-vung-tau/aria-resort-blueshaphire-can-ho-nghi-duong-co-ha-boi-va-bai-tam-rieng
IVU_000042,vung-tau,Khách Sạn MERMAID SEASIDE,https://www.ivivu.com/khach-san-vung-tau/mermaid-seaside-hotel
IVU_000043,vung-tau,Mermaid Seaview Apartment Vung Tau,https://www.ivivu.com/khach-san-vung-tau/mermaid-seaview-apartment-vung-tau
IVU_000044,vung-tau,Khách sạn Amis,https://www.ivivu.com/khach-san-vung-tau/amis-hotel
IVU_000045,vung-tau,The Sóng Apartment Vũng Tàu – Paris Homestay,https://www.ivivu.com/khach-san-vung-tau/the-song-apartment-vung-tau-paris-homestay
IVU_000046,vung-tau,Khách Sạn Sunrise Vũng Tàu,https://www.ivivu.com/khach-san-vung-tau/sunrise-hotel-vung-tau
IVU_000047,vung-tau,The Sóng Vũng Tàu Homestay - VTLand,https://www.ivivu.com/khach-san-vung-tau/the-song-vung-tau-homestay-vung-tau-land
IVU_000048,vung-tau,The Sóng Apartment Vũng Tàu,https://www.ivivu.com/khach-san-vung-tau/vung-tau-the-song-apartment
IVU_000049,vung-tau,Khách sạn Bảo Khôi HANZ,https://www.ivivu.com/khach-san-vung-tau/hanz-bao-khoi-hotel
IVU_000050,vung-tau,Khách sạn D'Melin Vũng Tàu,https://www.ivivu.com/khach-san-vung-tau/hotel-dmelin
IVU_000051,vung-tau,Khách sạn Mi Lan Corner,https://www.ivivu.com/khach-san-vung-tau/mi-lan-corner-hotel
IVU_000052,vung-tau,Biệt thự Rosie trong khu nghỉ dưỡng Oceanami,https://www.ivivu.com/khach-san-vung-tau/rosie-villas-in-oceanami-resort
IVU_000053,vung-tau,An Nhiên Villa Hotel,https://www.ivivu.com/khach-san-vung-tau/an-nhien-villa-hotel
IVU_000054,vung-tau,Ruby Hotel&Apartment,https://www.ivivu.com/khach-san-vung-tau/ruby-hotel-apartment
IVU_000055,vung-tau,Caroline Sea Hotel,https://www.ivivu.com/khach-san-vung-tau/caroline-sea-hotel
IVU_000056,vung-tau,OYO 159 Khách sạn Ruby,https://www.ivivu.com/khach-san-vung-tau/ruby-hotel-6678340
IVU_000057,vung-tau,The Song Luxury Apartment by Lisa House,https://www.ivivu.com/khach-san-vung-tau/the-song-luxury-apartment-by-lisa-house
IVU_000058,vung-tau,Vung Tau THE SONG Apartment - RubyVilla Near Beach,https://www.ivivu.com/khach-san-vung-tau/the-song-apartment-condotel-5-sao-rubyvilla-homestay
IVU_000059,vung-tau,The Sóng Apartment Vũng Tàu - Harry's Homestay,https://www.ivivu.com/khach-san-vung-tau/the-song-apartment-vung-tau-harrys-homestay
IVU_000060,vung-tau,The Sóng Apartment Vũng Tàu - Green House,https://www.ivivu.com/khach-san-vung-tau/the-song-apartment-vung-tau-green-house
IVU_000061,vung-tau,The Song Apartment - Căn hộ The Song - Mai Villa Vũng Tàu,https://www.ivivu.com/khach-san-vung-tau/the-song-apartment-can-ho-the-song-mai-villa-vung-tau
IVU_000062,vung-tau,Hải Dương 2,https://www.ivivu.com/khach-san-vung-tau/hai-duong-2
IVU_000063,vung-tau,Vũng Tàu The Song Apartment - Paris Homestay,https://www.ivivu.com/khach-san-vung-tau/vung-tau-the-song-apartment-paris-homestay
IVU_000064,vung-tau,The Song Apartment - ViViVilla Homestay,https://www.ivivu.com/khach-san-vung-tau/the-song-apartment-vivivilla-homestay
IVU_000065,vung-tau,MeoMeo Homestay – The Sóng Apartment,https://www.ivivu.com/khach-san-vung-tau/meomeo-homestay-the-song-apartment
IVU_000066,vung-tau,The Sóng Luxury Apartment Vũng Tàu,https://www.ivivu.com/khach-san-vung-tau/the-song-luxury-apartment-vung-tau
IVU_000067,vung-tau,The Song Apartment - Tropical House,https://www.ivivu.com/khach-san-vung-tau/the-song-apartment-tropical-house
IVU_000068,vung-tau,Hoang Bach Hotel,https://www.ivivu.com/khach-san-vung-tau/hoang-bach-hotel
IVU_000069,vung-tau,Khách sạn Mi Lan Diamond,https://www.ivivu.com/khach-san-vung-tau/mi-lan-diamond-hotel
IVU_000070,vung-tau,Rubillion Hotel,https://www.ivivu.com/khach-san-vung-tau/rubillion-hotel
IVU_000071,vung-tau,Khu nghỉ dưỡng Mi Lan Boutique,https://www.ivivu.com/khach-san-vung-tau/mi-lan-boutique-resort
IVU_000072,vung-tau,Biệt thự gần bãi biển CocoPalm - Phòng Palm,https://www.ivivu.com/khach-san-vung-tau/cocopalm-villa-near-beach-palm-room
IVU_000073,vung-tau,Twins Hotel,https://www.ivivu.com/khach-san-vung-tau/twins-hotel-55339827
IVU_000074,vung-tau,CSJ Tower Vũng Tàu - May Homestay,https://www.ivivu.com/khach-san-vung-tau/csj-tower-vung-tau-may-homestay
IVU_000075,vung-tau,"Classy Home - CSJ Tower Vũng Tàu, Luxury, Sky-Sea View and Walk-To-Beach",https://www.ivivu.com/khach-san-vung-tau/classy-home-csj-tower-vung-tau-luxury-sky-sea-view-and-walk-to-beach
IVU_000076,vung-tau,5 homestay,https://www.ivivu.com/khach-san-vung-tau/5-homestay
IVU_000077,vung-tau,SeaSide Apartment - CSJ Tower Vũng Tàu,https://www.ivivu.com/khach-san-vung-tau/seaside-apartment-csj-tower-vung-tau
IVU_000078,vung-tau,"BeachSide Suites - CSJ Vung Tau Tower, Ocean View",https://www.ivivu.com/khach-san-vung-tau/beachside-suites-csj-vung-tau-tower-ocean-view
IVU_000079,vung-tau,VANILLA HO TRAM HOMESTAY,https://www.ivivu.com/khach-san-vung-tau/vanilla-ho-tram-homestay
IVU_000080,vung-tau,5 homestay - No. 4,https://www.ivivu.com/khach-san-vung-tau/5-homestay-no-4
IVU_000081,vung-tau,The Sóng Vũng Tàu - Thương's Homestay,https://www.ivivu.com/khach-san-vung-tau/the-song-vung-tau-thuongs-homestay
IVU_000082,vung-tau,Căn Hộ The Sóng Vũng Tàu - Sophia's Homestay,https://www.ivivu.com/khach-san-vung-tau/can-ho-the-song-vung-tau-sophias-homestay
IVU_000083,vung-tau,"SUNday Premium Apart - The Song Vung Tau, SkyPool",https://www.ivivu.com/khach-san-vung-tau/sunday-premium-apart-the-song-vung-tau-skypool
IVU_000084,vung-tau,"Dứa's House - The Sóng Vũng Tàu, Sky Pool & Gym",https://www.ivivu.com/khach-san-vung-tau/duas-house-the-song-vung-tau-sky-pool-gym
IVU_000085,vung-tau,The Rex’s Song Boutique Apartment,https://www.ivivu.com/khach-san-vung-tau/the-rexas-song-boutique-apartment
IVU_000086,vung-tau,Nang's Apartment - The Song Vung Tau,https://www.ivivu.com/khach-san-vung-tau/nangs-apartment-the-song-vung-tau
IVU_000087,vung-tau,"Oasis Suites - The Song, Infinity Pool & Gymt",https://www.ivivu.com/khach-san-vung-tau/oasis-suites-the-song-infinity-pool-gymt
IVU_000088,vung-tau,5 homestay - No.3,https://www.ivivu.com/khach-san-vung-tau/5-homestay-no-3
IVU_000089,vung-tau,The Sóng Apartment Vũng Tàu - Healing House,https://www.ivivu.com/khach-san-vung-tau/the-song-apartment-vung-tau-healing-house
IVU_000090,vung-tau,Toan'House-The Sóng Condotel Vũng Tàu,https://www.ivivu.com/khach-san-vung-tau/toanhouse-the-song-condotel-vung-tau
IVU_000091,vung-tau,The Song Vung Tau Apartment - QUYNH's Homestay,https://www.ivivu.com/khach-san-vung-tau/the-song-vung-tau-apartment-quynhs-homestay
IVU_000092,vung-tau,Nancy Tran Grand Strip Sea View 3 bedrooms,https://www.ivivu.com/khach-san-vung-tau/nancy-tran-grand-strip-sea-view-3-bedrooms
IVU_000093,vung-tau,The Song Apartment Vung Tau - Hao's Homestay,https://www.ivivu.com/khach-san-vung-tau/the-song-apartment-vung-tau-haos-homestay
IVU_000094,vung-tau,Trong's Apartment - The Song Vung Tau Condotel,https://www.ivivu.com/khach-san-vung-tau/trongs-apartment-the-song-vung-tau-condotel
IVU_000095,vung-tau,Villa 52 Vo Thi Sau Vung Tau,https://www.ivivu.com/khach-san-vung-tau/villa-52-vo-thi-sau-vung-tau
IVU_000096,vung-tau,Khách sạn Corvin Vũng Tàu,https://www.ivivu.com/khach-san-vung-tau/khach-san-corvin-vung-tau
IVU_000097,vung-tau,Khu nghỉ dưỡng Carmelina Beach Hồ Tràm,https://www.ivivu.com/khach-san-vung-tau/khu-nghi-duong-carmelina-beach-ho-tram
IVU_000098,vung-tau,Khách sạn Romeliess Vũng Tàu,https://www.ivivu.com/khach-san-vung-tau/khach-san-romeliess-vung-tau
IVU_000099,vung-tau,Khách sạn Palace,https://www.ivivu.com/khach-san-vung-tau/khach-san-palace-vung-tau
IVU_000100,vung-tau,Khu nghỉ dưỡng & biệt thự Sanctuary Hồ Tràm,https://www.ivivu.com/khach-san-vung-tau/khu-nghi-duong-va-biet-thu-sanctuary-vung-tau
IVU_000101,vung-tau,Khu nghỉ dưỡng Seaside Vũng Tàu,https://www.ivivu.com/khach-san-vung-tau/khu-nghi-duong-seaside-vung-tau
IVU_000102,vung-tau,Khách sạn Minh Đăng Vũng Tàu,https://www.ivivu.com/khach-san-vung-tau/minh-dang-hotel-vung-tau
IVU_000103,vung-tau,Khách sạn Sammy Vũng Tàu,https://www.ivivu.com/khach-san-vung-tau/khach-san-sammy-vung-tau
IVU_000104,vung-tau,Khách sạn Sea Mountain Vũng Tàu,https://www.ivivu.com/khach-san-vung-tau/khach-san-sea-mountain-vung-tau
IVU_000105,vung-tau,Khách sạn Kiều Anh,https://www.ivivu.com/khach-san-vung-tau/khach-san-kieu-anh-vung-tau
IVU_000106,vung-tau,Khách sạn Bưu Điện Vũng Tàu,https://www.ivivu.com/khach-san-vung-tau/khach-san-buu-dien-vung-tau
IVU_000107,vung-tau,Binh An Village Vũng Tàu,https://www.ivivu.com/khach-san-vung-tau/binh-an-village-vung-tau
IVU_000108,vung-tau,Khách sạn Mường Thanh Holiday Vũng Tàu,https://www.ivivu.com/khach-san-vung-tau/khach-san-muong-thanh-vung-tau
IVU_000109,vung-tau,Khách sạn Rex Vũng Tàu,https://www.ivivu.com/khach-san-vung-tau/khach-san-rex-vung-tau
IVU_000110,vung-tau,Khách sạn Grand Vũng Tàu,https://www.ivivu.com/khach-san-vung-tau/khach-san-grand-vung-tau
IVU_000111,vung-tau,Khách sạn Hoàng Linh Vũng Tàu,https://www.ivivu.com/khach-san-vung-tau/khach-san-hoang-linh-vung-tau
IVU_000112,vung-tau,SV Boutique Resort,https://www.ivivu.com/khach-san-vung-tau/leman-cap-resort-and-spa
IVU_000113,vung-tau,Khách sạn The Coast Vũng Tàu,https://www.ivivu.com/khach-san-vung-tau/khach-san-the-coast-vung-tau
IVU_000114,vung-tau,Khách sạn Phoenix Vũng Tàu,https://www.ivivu.com/khach-san-vung-tau/khach-san-phoenix-vung-tau
IVU_000115,vung-tau,Sunny Hotel Vũng Tàu,https://www.ivivu.com/khach-san-vung-tau/khach-san-sunny-vung-tau
IVU_000116,vung-tau,An Hoa Residence,https://www.ivivu.com/khach-san-vung-tau/khu-nghi-duong-an-hoa-residence-long-hai
IVU_000117,vung-tau,Khách sạn Vee Voo Vũng Tàu,https://www.ivivu.com/khach-san-vung-tau/khach-san-vee-voo-vung-tau
IVU_000118,vung-tau,Oceanami Villas & Beach Club Long Hải,https://www.ivivu.com/khach-san-vung-tau/oceanami-villas-beach-club-long-hai
IVU_000119,vung-tau,Khách Sạn Bella Vita Phước Hải,https://www.ivivu.com/khach-san-vung-tau/khach-san-bella-vita-phuoc-hai
IVU_000120,vung-tau,Ocean Sunrise Vung Tau,https://www.ivivu.com/khach-san-vung-tau/darby-park-serviced-residences483538
IVU_000121,vung-tau,Khách sạn Royal,https://www.ivivu.com/khach-san-vung-tau/royal-hotel-1
IVU_000122,vung-tau,Lotus Vung Tau Resort,https://www.ivivu.com/khach-san-vung-tau/lotus-vung-tau-resort
IVU_000123,vung-tau,Khách sạn & Căn hộ BH Residence Inn,https://www.ivivu.com/khach-san-vung-tau/bh-residence-inn
IVU_000124,vung-tau,Dream Box Hostel,https://www.ivivu.com/khach-san-vung-tau/dream-box-hostel
IVU_000125,vung-tau,Hese Boutique Hotel & Apartment,https://www.ivivu.com/khach-san-vung-tau/the-wind-mountain-side-hotel
IVU_000126,vung-tau,Khách sạn Oceanward Phước Hải,https://www.ivivu.com/khach-san-vung-tau/khach-san-oceanward-phuoc-hai
IVU_000127,vung-tau,Khách Sạn Biển Ngọc Vũng Tàu,https://www.ivivu.com/khach-san-vung-tau/khach-san-bien-ngoc-vung-tau
IVU_000128,vung-tau,Khu nghỉ dưỡng Wind Boutique,https://www.ivivu.com/khach-san-vung-tau/the-wind-boutique-resort
IVU_000129,vung-tau,Khách sạn căn hộ DIC Star Landmark Vũng Tàu,https://www.ivivu.com/khach-san-vung-tau/the-landmark-residence
IVU_000130,vung-tau,Longhai Channel Beach Resort,https://www.ivivu.com/khach-san-vung-tau/longhai-channel-beach-resort
IVU_000131,vung-tau,Khách sạn Quang Anh,https://www.ivivu.com/khach-san-vung-tau/khach-san-quang-anh-vung-tau
IVU_000132,vung-tau,Khách sạn Golf Phú Mỹ,https://www.ivivu.com/khach-san-vung-tau/khach-san-golf-phu-my-vung-tau
IVU_000133,vung-tau,Khách sạn Nolis Vũng Tàu,https://www.ivivu.com/khach-san-vung-tau/khach-san-nolis-vung-tau
IVU_000134,vung-tau,Shin Sam Boutique Hotel,https://www.ivivu.com/khach-san-vung-tau/khach-san-shin-sam-boutique-vung-tau
IVU_000135,vung-tau,Khách sạn Lucky Star Hồ Tràm,https://www.ivivu.com/khach-san-vung-tau/lucky-star-ho-tram
IVU_000136,vung-tau,Khách sạn Prague Vũng Tàu,https://www.ivivu.com/khach-san-vung-tau/khach-san-prague-vung-tau
IVU_000137,vung-tau,Khách sạn Green River Boutique,https://www.ivivu.com/khach-san-vung-tau/khach-san-green-river-boutique
IVU_000138,vung-tau,Khách sạn Gia Hòa,https://www.ivivu.com/khach-san-vung-tau/khach-san-gia-hoa
IVU_000139,vung-tau,Khách sạn Thanh Xuân,https://www.ivivu.com/khach-san-vung-tau/khach-san-thanh-xuan
IVU_000140,vung-tau,Sun Hill Hotel,https://www.ivivu.com/khach-san-vung-tau/sun-hill-hotel-66161556
IVU_000141,vung-tau,Grand Villa Residence,https://www.ivivu.com/khach-san-vung-tau/grand-villa-residence
IVU_000142,vung-tau,Khách sạn Suntorini Boutique Vũng Tàu,https://www.ivivu.com/khach-san-vung-tau/khach-san-suntorini-boutique-vung-tau
IVU_000143,vung-tau,HANZ Hotel & Resort Bo Xay Dung,https://www.ivivu.com/khach-san-vung-tau/hanz-hotel-resort-bo-xay-dung
IVU_000144,vung-tau,Biệt thự Sapphire,https://www.ivivu.com/khach-san-vung-tau/villa-sapphire
IVU_000145,vung-tau,Saint Simeon Resort Villa Owner,https://www.ivivu.com/khach-san-vung-tau/saint-simeon-resort-villa-owner
IVU_000146,vung-tau,Cozrum Luxury - Aria Resort Vũng Tàu,https://www.ivivu.com/khach-san-vung-tau/cozrum-luxury-aria-resort-vung-tau
IVU_000147,vung-tau,Gold Stars Hotel,https://www.ivivu.com/khach-san-vung-tau/gold-stars-hotel
IVU_000148,vung-tau,Khu nghỉ dưỡng Palace Long Hải,https://www.ivivu.com/khach-san-vung-tau/khu-nghi-duong-palace-long-hai
IVU_000149,vung-tau,Khách Sạn Ngọc Huyền,https://www.ivivu.com/khach-san-vung-tau/khach-san-ngoc-huyen
IVU_000150,vung-tau,Motel Kiến Nhĩ Tâm,https://www.ivivu.com/khach-san-vung-tau/kien-nhi-tam-motel
IVU_000151,vung-tau,Sao Mai Phu My Resort,https://www.ivivu.com/khach-san-vung-tau/sao-mai-phu-my-resort
IVU_000152,vung-tau,Phuc Khang Luxury Apartment - The Song Vung Tau,https://www.ivivu.com/khach-san-vung-tau/phuc-khang-luxury-apartment-the-song-vung-tau
IVU_000153,vung-tau,Khanh Linh Hotel,https://www.ivivu.com/khach-san-vung-tau/khanh-linh-hotel
IVU_000154,vung-tau,Khách sạn Zelda,https://www.ivivu.com/khach-san-vung-tau/zelda-hotel
IVU_000155,vung-tau,THE SÓNG APARTMENT VŨNG TÀU - TRINH'S HOUSE,https://www.ivivu.com/khach-san-vung-tau/the-song-apartment-vung-tau-trinh-homestay
IVU_000156,vung-tau,Khách sạn RedDoorz Thanh An gần Thùy Vân,https://www.ivivu.com/khach-san-vung-tau/reddoorz-thanh-an-hotel-near-thuy-van
IVU_000157,vung-tau,Stephen Oasky Vung Tau,https://www.ivivu.com/khach-san-vung-tau/stephen-oasky-vung-tau
IVU_000158,vung-tau,Gia Han Guesthouse,https://www.ivivu.com/khach-san-vung-tau/gia-han-guesthouse
IVU_000159,vung-tau,Cozrum Homes - The Sóng Vũng Tàu,https://www.ivivu.com/khach-san-vung-tau/cozrum-homes-the-song-vung-tau
IVU_000160,vung-tau,Khách sạn La Vita,https://www.ivivu.com/khach-san-vung-tau/la-vita-hotel
IVU_000161,vung-tau,Mita's House - The Sóng Apartment Vũng Tàu,https://www.ivivu.com/khach-san-vung-tau/mitas-house-the-song-apartment-vung-tau
IVU_000162,vung-tau,Marvelous Sea View,https://www.ivivu.com/khach-san-vung-tau/marvelous-sea-view
IVU_000163,vung-tau,APT Homestay Vung Tau,https://www.ivivu.com/khach-san-vung-tau/can-ho-thesong-studio-50m2
IVU_000164,vung-tau,Cozrum Homes - Melody Vũng Tàu,https://www.ivivu.com/khach-san-vung-tau/cozrum-homes-melody-vung-tau
IVU_000165,vung-tau,Hawa Hotel,https://www.ivivu.com/khach-san-vung-tau/hawa-hotel
IVU_000166,vung-tau,The Sóng - Miam Vungtau Condotel,https://www.ivivu.com/khach-san-vung-tau/the-song-miam-vungtau-condotel
IVU_000167,vung-tau,The Sóng Apartment Vũng Tàu - Xuân's Homestay,https://www.ivivu.com/khach-san-vung-tau/the-song-apartment-vung-tau-xuans-homestay
IVU_000168,vung-tau,Romantic SeaView Hoang Phat,https://www.ivivu.com/khach-san-vung-tau/romantic-seaview-hoang-phat
IVU_000169,vung-tau,Khách sạn 26 Topaz,https://www.ivivu.com/khach-san-vung-tau/26-topaz-hotel
IVU_000170,vung-tau,CSJ Seaside,https://www.ivivu.com/khach-san-vung-tau/csj-seaside
IVU_000171,vung-tau,Lucky House - Second Home in The Sóng Vũng Tàu,https://www.ivivu.com/khach-san-vung-tau/lucky-house-second-home-in-the-song-vung-tau
IVU_000172,vung-tau,1988 Homestay Vung Tau,https://www.ivivu.com/khach-san-vung-tau/1988-homestay-vung-tau-melody-apt
IVU_000173,vung-tau,Seika Hotel Vung Tau,https://www.ivivu.com/khach-san-vung-tau/seika-hotel-vung-tau
IVU_000174,vung-tau,Mercury Hotel & Apartment,https://www.ivivu.com/khach-san-vung-tau/mercury-hotel-apartment
IVU_000175,vung-tau,Seashell Homestay Vũng Tàu,https://www.ivivu.com/khach-san-vung-tau/seashell-homestay-vung-tau
IVU_000176,vung-tau,Caroline Beach Vung Tau,https://www.ivivu.com/khach-san-vung-tau/caroline-beach-vung-tau
IVU_000177,vung-tau,The Sóng Apartment - Can Ho Du Lich Nghi Duong 5 Sao Vũng Tàu - Trinh Homestay,https://www.ivivu.com/khach-san-vung-tau/the-song-apartment-vung-tau-tom%E2%80%99s-house
IVU_000178,vung-tau,BALI Motel Vung Tau,https://www.ivivu.com/khach-san-vung-tau/bali-motel-vung-tau
IVU_000179,vung-tau,Khách sạn Hoàng Yến,https://www.ivivu.com/khach-san-vung-tau/hoang-yen-hotel-290230
IVU_000180,vung-tau,Joi Hospitality - KP House,https://www.ivivu.com/khach-san-vung-tau/kp-house-by-joi-hospitality
IVU_000181,vung-tau,VND Hotel & Coffee Vũng Tàu,https://www.ivivu.com/khach-san-vung-tau/vnd-hotel-coffee-vung-tau
IVU_000182,vung-tau,Khách Sạn Hoa Sen,https://www.ivivu.com/khach-san-vung-tau/lotus-apartment-hotel
IVU_000183,vung-tau,Joi Hospitality - Hoang Anh,https://www.ivivu.com/khach-san-vung-tau/hoang-anh-hotel-by-joi-hospitality
IVU_000184,vung-tau,Novelty Beach Hotel,https://www.ivivu.com/khach-san-vung-tau/novelty-beach-hotel
IVU_000185,vung-tau,Summer Beach Hotel Vung Tau,https://www.ivivu.com/khach-san-vung-tau/edoya-hotel-vung-tau-thuy-van
IVU_000186,vung-tau,Khách Sạn Phương Nam Vũng Tàu,https://www.ivivu.com/khach-san-vung-tau/phuong-nam-hotel-vung-tau
IVU_000187,vung-tau,Khách sạn Sang trọng Blue Sea Vũng Tàu,https://www.ivivu.com/khach-san-vung-tau/blue-sea-luxury-hotel-vung-tau
IVU_000188,vung-tau,Khách sạn Front Beach thuộc chuỗi Joi Hospitality,https://www.ivivu.com/khach-san-vung-tau/front-beach-hotel-by-joi-hospitality
IVU_000189,vung-tau,Sky Luck Hotel,https://www.ivivu.com/khach-san-vung-tau/sky-luck-hotel
IVU_000190,vung-tau,Khách Sạn Vacsava,https://www.ivivu.com/khach-san-vung-tau/vacsava-hotel
IVU_000191,vung-tau,Khách Sạn Hồng Hải 2,https://www.ivivu.com/khach-san-vung-tau/hong-hai-2-hotel
IVU_000192,vung-tau,Camy A Sin Hotel & Apartment,https://www.ivivu.com/khach-san-vung-tau/camy-a-sin-hotel-apartment
IVU_000193,vung-tau,Căn hộ Sơn Thịnh - Homestay,https://www.ivivu.com/khach-san-vung-tau/can-ho-son-thinh-homestay
IVU_000194,vung-tau,Khách Sạn Hải Dương,https://www.ivivu.com/khach-san-vung-tau/khach-san-hai-duong
IVU_000195,vung-tau,La Bonte Boutique Home Vũng Tàu,https://www.ivivu.com/khach-san-vung-tau/la-bonte-boutique-home-vung-tau
IVU_000196,vung-tau,LILLY HOTEL,https://www.ivivu.com/khach-san-vung-tau/lilly-hotel
IVU_000197,vung-tau,Sevensea Vũng Tàu,https://www.ivivu.com/khach-san-vung-tau/sevensea-vung-tau
IVU_000198,vung-tau,Anh Truc House - Near Front Beach,https://www.ivivu.com/khach-san-vung-tau/anh-truc-house-near-front-beach
IVU_000199,vung-tau,Joi Hospitality - Anthony,https://www.ivivu.com/khach-san-vung-tau/anthony-hotel-by-joi-hospitality
IVU_000200,vung-tau,BOBO Boutique Hotel,https://www.ivivu.com/khach-san-vung-tau/bobo-boutique-hotel
IVU_000201,vung-tau,Khách sạn Central thuộc chuỗi Joi Hospitality,https://www.ivivu.com/khach-san-vung-tau/central-hotel-by-joi-hospitality
IVU_000202,vung-tau,Tran Chau Beach & Resort,https://www.ivivu.com/khach-san-vung-tau/tran-chau-beach-resort
IVU_000203,vung-tau,HappyZen Farm,https://www.ivivu.com/khach-san-vung-tau/happyzen-farm
IVU_000204,vung-tau,Cơm niêu Huế xưa - Vũng Tàu,https://www.ivivu.com/khach-san-vung-tau/com-nieu-hue-xua-vung-tau
IVU_000205,vung-tau,Căn Hộ The Sóng Tabo Homestay,https://www.ivivu.com/khach-san-vung-tau/can-ho-the-song-tabo-homestay
IVU_000206,vung-tau,Luxury Apartment with Sea view (CSJ Tower),https://www.ivivu.com/khach-san-vung-tau/luxury-apartment-with-sea-view-csj-tower
IVU_000207,vung-tau,"CSJ Tower Apartment Vung Tau, Bắp Homestay",https://www.ivivu.com/khach-san-vung-tau/csj-tower-apartment-vung-tau-bap-homestay
IVU_000208,vung-tau,"BEARBRICK homestay near beach, CSJ Tower Apartment Vung Tau",https://www.ivivu.com/khach-san-vung-tau/bearbrick-homestay-near-beach-csj-tower-apartment-vung-tau
IVU_000209,vung-tau,The Sóng Apartment,https://www.ivivu.com/khach-san-vung-tau/the-song-apartment
IVU_000210,vung-tau,Nơi nghỉ dưỡng tuyệt vời,https://www.ivivu.com/khach-san-vung-tau/noi-nghi-duong-tuyet-voi
IVU_000211,vung-tau,CĂN HỘ CAO CẤP THE SÓNG,https://www.ivivu.com/khach-san-vung-tau/can-ho-cao-cap-the-song-952008
IVU_000212,vung-tau,Apartment 5 star The Song Near Beach BBQ Vung Tau,https://www.ivivu.com/khach-san-vung-tau/apartment-5-star-the-song-near-beach-bbq-vung-tau
IVU_000213,vung-tau,Mít House - Căn Hộ Du Lịch Hướng Biển Vũng Tàu,https://www.ivivu.com/khach-san-vung-tau/mit-house-can-ho-du-lich-huong-bien-vung-tau
IVU_000214,vung-tau,LEONHOMESTAY VIEW SEA AT BACK BEACH VUNG TAU CITY,https://www.ivivu.com/khach-san-vung-tau/leonhomestay-view-sea-at-back-beach-vung-tau-city
IVU_000215,vung-tau,Motel Thủy Lộc,https://www.ivivu.com/khach-san-vung-tau/motel-thuy-loc
IVU_000216,vung-tau,Nhà Của Thóc - CSJ Tower Vũng Tàu,https://www.ivivu.com/khach-san-vung-tau/nha-cua-thoc-csj-tower-vung-tau
IVU_000217,vung-tau,Simple Camp Vung Tau Homestay,https://www.ivivu.com/khach-san-vung-tau/simple-camp-vung-tau-homestay
IVU_000218,vung-tau,Căn hộ cận biển CSJ Vũng Tàu - An An,https://www.ivivu.com/khach-san-vung-tau/can-ho-can-bien-csj-vung-tau-an-an
IVU_000219,vung-tau,Phương Tú Hostel,https://www.ivivu.com/khach-san-vung-tau/phuong-tu-hostel
IVU_000220,vung-tau,Ngọc Hân Hotel Vũng Tàu,https://www.ivivu.com/khach-san-vung-tau/ngoc-han-hotel-vung-tau-47663597
IVU_000221,vung-tau,JENBU HOUSE @peaceful @Thuy Tien beach,https://www.ivivu.com/khach-san-vung-tau/jenbu-house-peaceful-thuy-tien-beach
IVU_000222,vung-tau,Homestay Sala,https://www.ivivu.com/khach-san-vung-tau/homestay-sala-45920922
IVU_000223,vung-tau,"BEACHFRONT 3 Beds, 2BRs Apartment in Vung Tau",https://www.ivivu.com/khach-san-vung-tau/beachfront-3-beds-2brs-apartment-in-vung-tau
IVU_000224,vung-tau,Penthouse Sát Biển Vũng Tàu,https://www.ivivu.com/khach-san-vung-tau/penthouse-sat-bien-vung-tau
IVU_000225,vung-tau,Khu Nghỉ Dưỡng Tommy Hồ Tràm,https://www.ivivu.com/khach-san-vung-tau/khu-nghi-duong-tommy-ho-tram
IVU_000226,vung-tau,Um House Villa Ho Tram,https://www.ivivu.com/khach-san-vung-tau/um-house-villa-ho-tram
IVU_000227,vung-tau,Khu nghỉ dưỡng ARIA Vũng Tàu,https://www.ivivu.com/khach-san-vung-tau/aria-vung-tau-resort
IVU_000228,vung-tau,NaTa Home & Villa Vũng Tàu,https://www.ivivu.com/khach-san-vung-tau/nata-home-villa-vung-tau
IVU_000229,vung-tau,"Căn hộ Aria Resort VT 2 PN, View biển, tầng cao.",https://www.ivivu.com/khach-san-vung-tau/can-ho-aria-resort-vt-2-pn-view-bien-tang-cao
IVU_000230,vung-tau,Căn hộ - Có Hồ Bơi và Sát Biển,https://www.ivivu.com/khach-san-vung-tau/can-ho-co-ho-boi-va-sat-bien
IVU_000231,vung-tau,Family’s Gateway,https://www.ivivu.com/khach-san-vung-tau/family-s-gateway
IVU_000232,vung-tau,Penthouse 300m2 Sea-View w Beach near by,https://www.ivivu.com/khach-san-vung-tau/penthouse-300m2-sea-view-w-beach-near-by
IVU_000233,vung-tau,Khu nghỉ dưỡng Aria - Căn hộ và biệt thự sát biển,https://www.ivivu.com/khach-san-vung-tau/aria-resort-can-ho-villa-sat-bien
IVU_000234,vung-tau,Ocean pearl Villa,https://www.ivivu.com/khach-san-vung-tau/ocean-pearl-villa
IVU_000235,vung-tau,Caroline Resort,https://www.ivivu.com/khach-san-vung-tau/caroline-resort
IVU_000236,vung-tau,Nha nghi Linh Quan,https://www.ivivu.com/khach-san-vung-tau/nha-nghi-linh-quan
IVU_000237,vung-tau,An Nhien Home,https://www.ivivu.com/khach-san-vung-tau/an-nhien-home
IVU_000238,vung-tau,Khách sạn Thành Nam,https://www.ivivu.com/khach-san-vung-tau/thanh-nam-hotel
IVU_000239,vung-tau,Hebe Homestay,https://www.ivivu.com/khach-san-vung-tau/hebe-homestay
IVU_000240,vung-tau,Chung cư Kim Tơ - Căn hộ Tầng 20 (Ocean View),https://www.ivivu.com/khach-san-vung-tau/chung-cu-kim-to-can-ho-tang-20-ocean-view
IVU_000241,vung-tau,Nhà Nghỉ Quê Ló,https://www.ivivu.com/khach-san-vung-tau/nha-nghi-que-lo
IVU_000242,vung-tau,An Nhien Home No.3,https://www.ivivu.com/khach-san-vung-tau/an-nhien-home-no-3
IVU_000243,vung-tau,Hotel Minh Vy,https://www.ivivu.com/khach-san-vung-tau/hotel-minh-vy
IVU_000244,vung-tau,Minh Hai Resort,https://www.ivivu.com/khach-san-vung-tau/minh-hai-resort
IVU_000245,vung-tau,Anh Khoi Hotel & Apartment,https://www.ivivu.com/khach-san-vung-tau/anh-khoi-hotel-apartment
IVU_000246,vung-tau,HOTEL AN HOA II,https://www.ivivu.com/khach-san-vung-tau/hotel-an-hoa-ii
IVU_000247,vung-tau,Phương Motel,https://www.ivivu.com/khach-san-vung-tau/phuong-motel
IVU_000248,vung-tau,Nhà nghỉ TRẦN ĐỨC,https://www.ivivu.com/khach-san-vung-tau/nha-nghi-tran-d%E1%BB%A9c
IVU_000249,vung-tau,Khách Sạn Thu Hiền,https://www.ivivu.com/khach-san-vung-tau/khach-san-thu-hien
IVU_000250,vung-tau,Cony’s Home Melody Vung Tau,https://www.ivivu.com/khach-san-vung-tau/cony-s-home-melody-vung-tau
IVU_000251,vung-tau,KHÁCH SẠN DTA,https://www.ivivu.com/khach-san-vung-tau/khach-san-dta
IVU_000252,vung-tau,Căn hộ View Biển - Hồ bơi vô cực Panorama Vũng Tàu,https://www.ivivu.com/khach-san-vung-tau/can-ho-view-bien-ho-boi-vo-c%E1%BB%B1c-panorama-vung-tau
IVU_000253,vung-tau,An Nhiên Apartment,https://www.ivivu.com/khach-san-vung-tau/an-nhien-apartment
IVU_000254,vung-tau,The Song Dolphin House - Feel like your home,https://www.ivivu.com/khach-san-vung-tau/the-song-dolphin-house-feel-like-your-home
IVU_000255,vung-tau,Bamboo Hotel Vũng Tàu,https://www.ivivu.com/khach-san-vung-tau/bamboo-hotel-vung-tau
IVU_000256,vung-tau,Căn hộ Studio_Hồ Bơi ( phượng House),https://www.ivivu.com/khach-san-vung-tau/can-ho-studio-ho-boi-phuong-house
IVU_000257,vung-tau,The song 5* plus . Thiết kế đẹp,https://www.ivivu.com/khach-san-vung-tau/the-song-5-plus-thiet-ke-dep
IVU_000258,vung-tau,51 Central Homestay - The Sóng Vũng Tàu,https://www.ivivu.com/khach-san-vung-tau/51-central-homestay-the-song-vung-tau
IVU_000259,vung-tau,"Căn hộ The Sóng có BBQ, gym, hồ bơi cao nhất VT",https://www.ivivu.com/khach-san-vung-tau/can-ho-the-song-co-bbq-gym-ho-boi-cao-nhat-vt
IVU_000260,vung-tau,THE SÓNG APARTMENT VŨNG TÀU - HAVILLA’ S HOUSE,https://www.ivivu.com/khach-san-vung-tau/the-song-luxury-apartment-can-ho-the-song-vung-tau-havilla-homestay
IVU_000261,vung-tau,Hải Long Hotel 2,https://www.ivivu.com/khach-san-vung-tau/hai-long-hotel-2
IVU_000262,vung-tau,Homestay Luxury - The Sóng,https://www.ivivu.com/khach-san-vung-tau/homestay-luxury-the-song
IVU_000263,vung-tau,Tabo Home - Căn Hộ The Sóng Vũng Tàu,https://www.ivivu.com/khach-san-vung-tau/tabo-home-can-ho-the-song-vung-tau
IVU_000264,vung-tau,Căn hộ du lịch biển 5 sao - The Sóng Vũng Tàu,https://www.ivivu.com/khach-san-vung-tau/can-ho-du-lich-bien-5-sao-the-song-vung-tau
IVU_000265,vung-tau,Căn hộ the sóng Vũng tàu,https://www.ivivu.com/khach-san-vung-tau/can-ho-the-song-vung-tau
IVU_000266,vung-tau,VinVin Homestay - The Song Vung Tau,https://www.ivivu.com/khach-san-vung-tau/vinvin-homestay-the-song-vung-tau
IVU_000267,vung-tau,CĂN HỘ VIEW BIỂN HỒ BƠI VÔ CỰC CAO NHẤT VŨNG TÀU,https://www.ivivu.com/khach-san-vung-tau/can-ho-view-bien-ho-boi-vo-c%E1%BB%B1c-cao-nhat-vung-tau
IVU_000268,vung-tau,VUNT TAU THE SONG APARTMENT- Sóng Homestay,https://www.ivivu.com/khach-san-vung-tau/vunt-tau-the-song-apartment-song-homestay
IVU_000269,vung-tau,Căn hộ The Sóng 5 sao sát bãi sau Vũng Tàu,https://www.ivivu.com/khach-san-vung-tau/can-ho-the-song-5-sao-sat-bai-sau-vung-tau
IVU_000270,vung-tau,The Sóng 5sao Premium 2pn,https://www.ivivu.com/khach-san-vung-tau/the-song-5sao-premium-2pn
IVU_000271,vung-tau,OLIU'S HOUSE - The Song Homestay Vung Tau,https://www.ivivu.com/khach-san-vung-tau/olius-house-the-song-homestay-vung-tau
IVU_000272,vung-tau,Mango Homestay Luxury Appartment,https://www.ivivu.com/khach-san-vung-tau/mango-homestay-luxury-appartment
IVU_000273,vung-tau,Cozy House VungTau- Nice view on high floor,https://www.ivivu.com/khach-san-vung-tau/cozy-house-vungtau-nice-view-on-high-floor
IVU_000274,vung-tau,VUTA HOTEL CN2,https://www.ivivu.com/khach-san-vung-tau/vuta-hotel-cn2
IVU_000275,vung-tau,Vinhouse,https://www.ivivu.com/khach-san-vung-tau/vinhouse
IVU_000276,vung-tau,Homestay H&N,https://www.ivivu.com/khach-san-vung-tau/homestay-h-n
IVU_000277,vung-tau,Luxury,https://www.ivivu.com/khach-san-vung-tau/luxury-34438143
IVU_000278,vung-tau,Homestay Hồng Hà - Căn hộ The Sóng 1 PN giường 1m8,https://www.ivivu.com/khach-san-vung-tau/homestay-hong-ha-can-ho-the-song-1-pn-giuong-1m8
IVU_000279,vung-tau,The Song Apartment near the beach Vung Tau (Linh's studio),https://www.ivivu.com/khach-san-vung-tau/the-song-apartment-near-the-beach-vung-tau-linhs-studio
IVU_000280,vung-tau,Luxury apartment with infinity pool in Vung Tau,https://www.ivivu.com/khach-san-vung-tau/luxury-apartment-with-infinity-pool-in-vung-tau
IVU_000281,vung-tau,Bèm Homestay Vũng Tàu - The Sóng - Căn Hộ 3 Pn 2wc,https://www.ivivu.com/khach-san-vung-tau/bem-homestay-vung-tau-the-song-can-ho-3-pn-2wc
IVU_000282,vung-tau,The Song Vung Tau By Abogo,https://www.ivivu.com/khach-san-vung-tau/the-song-vung-tau-by-abogo
IVU_000283,vung-tau,The Sóng Apartment Vũng Tàu,https://www.ivivu.com/khach-san-vung-tau/the-song-apartment-vung-tau-35906019
IVU_000284,vung-tau,Apt_ Homestays TheSong 3 bedroom,https://www.ivivu.com/khach-san-vung-tau/apt-homestays-thesong-3-bedroom
IVU_000285,vung-tau,Shin's Apartment - The Sóng Vũng Tàu,https://www.ivivu.com/khach-san-vung-tau/shins-apartment-the-song-vung-tau
IVU_000286,vung-tau,VUNG TAU THE SONG APARTMENT- Sóng Homestay,https://www.ivivu.com/khach-san-vung-tau/vung-tau-the-song-apartment-song-homestay
IVU_000287,vung-tau,Marazul Vũng Tàu,https://www.ivivu.com/khach-san-vung-tau/marazul-vung-tau
IVU_000288,vung-tau,Khách sạn Hằng Nga Luxury,https://www.ivivu.com/khach-san-vung-tau/hang-nga-luxury-hotel
IVU_000289,vung-tau,Hộ ông Phan Bãi Sau Vũng Tàu,https://www.ivivu.com/khach-san-vung-tau/ho-ong-phan-bai-sau-vung-tau
IVU_000290,vung-tau,Tomorrow HomeStay Melody Luxury,https://www.ivivu.com/khach-san-vung-tau/tomorrow-homestay-melody-luxury
IVU_000291,vung-tau,The Sóng Deluxe RvLv,https://www.ivivu.com/khach-san-vung-tau/the-song-deluxe-rvlv
IVU_000292,vung-tau,Pi's Home - Căn Hộ Cho Thuê The Sóng Vũng Tàu,https://www.ivivu.com/khach-san-vung-tau/pis-home-can-ho-cho-thue-the-song-vung-tau
IVU_000293,vung-tau,Sala Homestay - The Sóng Vũng Tàu,https://www.ivivu.com/khach-san-vung-tau/sala-homestay-the-song-vung-tau
IVU_000294,vung-tau,Lee HomeStay Căn Hộ Biển Vũng Tàu Melody,https://www.ivivu.com/khach-san-vung-tau/lee-homestay-can-ho-bien-vung-tau-melody
IVU_000295,vung-tau,The Sóng Vũng Tàu - Lucky House,https://www.ivivu.com/khach-san-vung-tau/the-song-vung-tau-lucky-house
IVU_000296,vung-tau,Pomelo Homestay,https://www.ivivu.com/khach-san-vung-tau/pomelo-homestay
IVU_000297,vung-tau,Condotel cao cấp The Sóng,https://www.ivivu.com/khach-san-vung-tau/condotel-cao-cap-the-song
IVU_000298,vung-tau,Bèm Homestay Vũng Tàu - The Sóng - Căn Hộ 2 Pn 1wc,https://www.ivivu.com/khach-san-vung-tau/bem-homestay-vung-tau-the-song-can-ho-2-pn-1wc
IVU_000299,vung-tau,The Sóng căn hộ 5 sao,https://www.ivivu.com/khach-san-vung-tau/the-song-can-ho-5-sao
IVU_000300,vung-tau,Oasky Apartment Vung Tau - Bin's House,https://www.ivivu.com/khach-san-vung-tau/oasky-apartment-vung-tau-bins-house
IVU_000301,vung-tau,Duc 555,https://www.ivivu.com/khach-san-vung-tau/duc-555
IVU_000302,vung-tau,VungTau Milan Homestay 2 (B4-12 Melody Appartment),https://www.ivivu.com/khach-san-vung-tau/can-ho-2-phong-ngu-the-song-voi-ho-boi-vo-cuc
IVU_000303,vung-tau,SEAANDSUN,https://www.ivivu.com/khach-san-vung-tau/seaandsun
IVU_000304,vung-tau,Chingu Vung Tau Home,https://www.ivivu.com/khach-san-vung-tau/chingu-vung-tau-home
IVU_000305,vung-tau,The Song An Gia căn 2PN Full nội thất cao cấp,https://www.ivivu.com/khach-san-vung-tau/the-song-an-gia-can-2pn-full-noi-that-cao-cap
IVU_000306,vung-tau,Hannah's House,https://www.ivivu.com/khach-san-vung-tau/hannahs-house
IVU_000307,vung-tau,Sóng Xanh Homestay - The Sóng Vũng Tàu,https://www.ivivu.com/khach-san-vung-tau/song-xanh-homestay-the-song-vung-tau
IVU_000308,vung-tau,Bin's House Vũng Tàu,https://www.ivivu.com/khach-san-vung-tau/bins-house-vung-tau
IVU_000309,vung-tau,Bèm Homestay Vũng Tàu - Melody - Căn Hộ 3 Pn 2wc,https://www.ivivu.com/khach-san-vung-tau/bem-homestay-vung-tau-melody-can-ho-3-pn-2wc
IVU_000310,vung-tau,Homestaybacogai studio,https://www.ivivu.com/khach-san-vung-tau/homestaybacogai-studio
IVU_000311,vung-tau,Phúc Đạt Hotel,https://www.ivivu.com/khach-san-vung-tau/phuc-dat-hotel
IVU_000312,vung-tau,Căn Hộ Cao Cấp View Biển - Miam Vungtau Condotel,https://www.ivivu.com/khach-san-vung-tau/can-ho-cao-cap-view-bien-miam-vungtau-condotel
IVU_000313,vung-tau,Xoài Homestay Vũng Tàu - The Sóng Apartment,https://www.ivivu.com/khach-san-vung-tau/xoai-homestay-vung-tau-the-song-apartment
IVU_000314,vung-tau,The Song Apartment Sea View - 20 Tiện Ích Miễn Phí,https://www.ivivu.com/khach-san-vung-tau/the-song-apartment-sea-view-20-tien-ich-mien-phi
IVU_000315,vung-tau,Vũng Tàu căn hộ view biển Homee,https://www.ivivu.com/khach-san-vung-tau/vung-tau-can-ho-view-bien-homee
IVU_000316,vung-tau,Tomorrow HomeStay Melody Deluxe,https://www.ivivu.com/khach-san-vung-tau/tomorrow-homestay-melody-deluxe
IVU_000317,vung-tau,thiên ý hotel bãi sau vũng tàu,https://www.ivivu.com/khach-san-vung-tau/thien-y-hotel-bai-sau-vu%CC%83ng-tau
IVU_000318,vung-tau,The Sóng Vũng Tàu - Hào's Homestay,https://www.ivivu.com/khach-san-vung-tau/the-song-vung-tau-haos-homestay
IVU_000319,vung-tau,The Sóng apartment Vũng Tàu – Minju homestay,https://www.ivivu.com/khach-san-vung-tau/the-song-apartment-vung-tau-ho-boi-vo-c%E1%BB%B1c-minh
IVU_000320,vung-tau,The Sóng Apartment Vũng Tàu - Yên Sa Home,https://www.ivivu.com/khach-san-vung-tau/the-song-apartment-vung-tau-yen-sa-home
IVU_000321,vung-tau,"Sumi Homestay, Căn Hộ The Sóng Vũng Tàu",https://www.ivivu.com/khach-san-vung-tau/sumi-homestay-can-ho-the-song-vung-tau
IVU_000322,vung-tau,SeaSala Hotel,https://www.ivivu.com/khach-san-vung-tau/seasala-hotel
IVU_000323,vung-tau,The Song Apartment - CoCohome,https://www.ivivu.com/khach-san-vung-tau/the-song-apartment-cocohome
IVU_000324,vung-tau,Trip Trip Ocean View Apartment - Vung Tau,https://www.ivivu.com/khach-san-vung-tau/trip-trip-ocean-view-apartment-vung-tau
IVU_000325,vung-tau,THỦY TIÊN MOTEL,https://www.ivivu.com/khach-san-vung-tau/thuy-tien-motel
IVU_000326,vung-tau,Pơ’s Homestay,https://www.ivivu.com/khach-san-vung-tau/po-s-homestay
IVU_000327,vung-tau,CONDOTEL 5 STAR THE SONG VŨNG TAU APARTMENT,https://www.ivivu.com/khach-san-vung-tau/condotel-5-star-the-song-vung-tau-apartment
IVU_000328,vung-tau,Gold Holiday Hotel,https://www.ivivu.com/khach-san-vung-tau/gold-holiday-hotel
IVU_000329,vung-tau,THE SONG- Luxury Apartment view beach and city,https://www.ivivu.com/khach-san-vung-tau/the-song-luxury-apartment-view-beach-and-city
IVU_000330,vung-tau,Julie's House - The Song Condotel Vung Tau,https://www.ivivu.com/khach-san-vung-tau/julies-house-the-song-condotel-vung-tau
IVU_000331,vung-tau,Khách sạn Châu Trần,https://www.ivivu.com/khach-san-vung-tau/chau-tran-hotel
IVU_000332,vung-tau,Aloha’s happy homestay,https://www.ivivu.com/khach-san-vung-tau/aloha-s-happy-homestay
IVU_000333,vung-tau,Căn hộ 1 giường cho cặp đôi/ gia đình nhỏ,https://www.ivivu.com/khach-san-vung-tau/can-ho-1-giuong-cho-cap-doi-gia-dinh-nho
IVU_000334,vung-tau,Căn Hộ 3 Mặt Biển The Sóng - Miam Vungtau Condotel,https://www.ivivu.com/khach-san-vung-tau/can-ho-3-mat-bien-the-song-miam-vungtau-condotel
IVU_000335,vung-tau,TWO BEDROOM APARTMENT WITH POOL ON HIGHFLOOR,https://www.ivivu.com/khach-san-vung-tau/two-bedroom-apartment-with-pool-on-highfloor
IVU_000336,vung-tau,The Song homestay,https://www.ivivu.com/khach-san-vung-tau/the-song-homestay
IVU_000337,vung-tau,Căn hộ cao cấp Mermaid view trực diển biển,https://www.ivivu.com/khach-san-vung-tau/can-ho-cao-cap-mermaid-view-tr%E1%BB%B1c-dien-bien
IVU_000338,vung-tau,Coral Homestay,https://www.ivivu.com/khach-san-vung-tau/coral-homestay
IVU_000339,vung-tau,Apartment The Sóng view sea near beach at Vũng Tàu,https://www.ivivu.com/khach-san-vung-tau/apartment-the-song-view-sea-near-beach-at-vung-tau
IVU_000340,vung-tau,Căn hộ view biển tiêu chuẩn 5 sao cực chill,https://www.ivivu.com/khach-san-vung-tau/can-ho-view-bien-tieu-chuan-5-sao-c%E1%BB%B1c-chill
IVU_000341,vung-tau,Căn hộ Studio The Sóng Vũng Tàu - View Nội Khu,https://www.ivivu.com/khach-san-vung-tau/can-ho-studio-the-song-vung-tau-view-noi-khu
IVU_000342,vung-tau,Bảo Bảo' Homestay,https://www.ivivu.com/khach-san-vung-tau/bao-bao-homestay
IVU_000343,vung-tau,K&K Homestay Vung Tau ( seaview) - The Song,https://www.ivivu.com/khach-san-vung-tau/k-k-homestay-vung-tau-seaview-the-song
IVU_000344,vung-tau,Can ho OASKY Vung Tau,https://www.ivivu.com/khach-san-vung-tau/can-ho-oasky-vung-tau
IVU_000345,vung-tau,The Song 2+,https://www.ivivu.com/khach-san-vung-tau/the-song-2
IVU_000346,vung-tau,Căn Hộ The Sóng Free Hồ Bơi Vô Cực AnAn Homestay1,https://www.ivivu.com/khach-san-vung-tau/can-ho-the-song-free-ho-boi-vo-c%E1%BB%B1c-anan-homestay1
IVU_000347,vung-tau,Vani's House - The Sóng Condotel Vũng Tàu,https://www.ivivu.com/khach-san-vung-tau/vanis-house-the-song-condotel-vung-tau
IVU_000348,vung-tau,Chung cư melody 2br,https://www.ivivu.com/khach-san-vung-tau/chung-cu-melody-2br
IVU_000349,vung-tau,The Sóng apartment Vũng Tàu - LiLe's HomeStay,https://www.ivivu.com/khach-san-vung-tau/the-song-apartment-vung-tau-liles-homestay
IVU_000350,vung-tau,Apartment the sóng,https://www.ivivu.com/khach-san-vung-tau/apartment-the-song-952952
IVU_000351,vung-tau,Su's House - The Sóng Condotel Vũng Tàu,https://www.ivivu.com/khach-san-vung-tau/sus-house-the-song-condotel-vung-tau
IVU_000352,vung-tau,Dai An Hotel,https://www.ivivu.com/khach-san-vung-tau/dai-an-hotel
IVU_000353,vung-tau,Sun House The Sóng Apartment,https://www.ivivu.com/khach-san-vung-tau/sun-house-the-song-apartment
IVU_000354,vung-tau,The Sóng Vũng Tàu - PK Luxury Condotel,https://www.ivivu.com/khach-san-vung-tau/the-song-vung-tau-pk-luxury-condotel
IVU_000355,vung-tau,Căn Hộ The Song (Tomorrow Homestay 2),https://www.ivivu.com/khach-san-vung-tau/can-ho-the-song-tomorrow-homestay-2
IVU_000356,vung-tau,Căn hộ nghỉ dưỡng The Sóng,https://www.ivivu.com/khach-san-vung-tau/can-ho-nghi-duong-the-song-952991
IVU_000357,vung-tau,Homestay Hồng Hà - Căn hộ The Sóng 5 sao 2 phòng,https://www.ivivu.com/khach-san-vung-tau/homestay-hong-ha-can-ho-the-song-5-sao-2-phong
IVU_000358,vung-tau,Samimi home - Căn hộ The Sóng Vũng Tàu,https://www.ivivu.com/khach-san-vung-tau/samimi-home-can-ho-the-song-vung-tau
IVU_000359,vung-tau,The Song Apartment Vung Tau - Mita's House,https://www.ivivu.com/khach-san-vung-tau/the-song-apartment-vung-tau-mitas-house
IVU_000360,vung-tau,Sunny melody vung tau uyen,https://www.ivivu.com/khach-san-vung-tau/sunny-melody-vung-tau-uyen
IVU_000361,vung-tau,Lavie Angia secondhome !,https://www.ivivu.com/khach-san-vung-tau/lavie-angia-secondhome
IVU_000362,vung-tau,The Sóng Apartment Vũng Tàu - Căn Hộ 2 Phòng Ngủ,https://www.ivivu.com/khach-san-vung-tau/the-song-apartment-vung-tau-can-ho-2-phong-ngu
IVU_000363,vung-tau,The Sóng Vũng Tàu Apartment,https://www.ivivu.com/khach-san-vung-tau/the-song-vung-tau-apartment
IVU_000364,vung-tau,Căn Hộ The Sóng Vũng Tàu ( Nhìn ra Biển),https://www.ivivu.com/khach-san-vung-tau/can-ho-the-song-vung-tau-nhin-ra-bien
IVU_000365,vung-tau,CHARM THE SÓNG APARTMENT,https://www.ivivu.com/khach-san-vung-tau/charm-the-song-apartment
IVU_000366,vung-tau,PLUS VUNG TAU HOTEL,https://www.ivivu.com/khach-san-vung-tau/plus-vung-tau-hotel
IVU_000367,vung-tau,D House The Song Vung Tau Condotel,https://www.ivivu.com/khach-san-vung-tau/d-house-the-song-vung-tau-condotel
IVU_000368,vung-tau,HoLyhome - Homestay Vung Tau,https://www.ivivu.com/khach-san-vung-tau/holyhome-homestay-vung-tau
IVU_000369,vung-tau,Erica's House -The Sóng căn hộ biển 5 sao Vũng Tàu,https://www.ivivu.com/khach-san-vung-tau/ericas-house-the-song-can-ho-bien-5-sao-vung-tau
IVU_000370,vung-tau,The Song Condotel Luxury - Can ho Du Lich Bien Vung Tau - Trinh Homestay,https://www.ivivu.com/khach-san-vung-tau/the-song-condotel-luxury-can-ho-du-lich-bien-vung-tau
IVU_000371,vung-tau,MÝ ƠI Homestay-The Sóng Condotel-3 Bedrooms,https://www.ivivu.com/khach-san-vung-tau/my-oi-homestay-the-song-condotel-3-bedrooms
IVU_000372,vung-tau,Marazul Homestay & Villa,https://www.ivivu.com/khach-san-vung-tau/marazul-homestay-villa
IVU_000373,vung-tau,Apartment The Song Vung tau,https://www.ivivu.com/khach-san-vung-tau/apartment-the-song-vung-tau
IVU_000374,vung-tau,The Song Apartment Vung Tau- Minju homestay,https://www.ivivu.com/khach-san-vung-tau/the-song-apartment-vung-tau-minju-homestay
IVU_000375,vung-tau,Tabo Homestay - Căn Hộ The Sóng Vũng Tàu Condotel,https://www.ivivu.com/khach-san-vung-tau/tabo-homestay-can-ho-the-song-vung-tau-condotel
IVU_000376,vung-tau,Vân's House - The Sóng Apartment Vũng Tàu,https://www.ivivu.com/khach-san-vung-tau/vans-house-the-song-apartment
IVU_000377,vung-tau,Căn hộ The Sóng Vũng Tàu - Tầng cao View Hồ bơi,https://www.ivivu.com/khach-san-vung-tau/can-ho-the-song-vung-tau-tang-cao-view-ho-boi
IVU_000378,vung-tau,An Phú Condotel - The Sóng Apartment Vũng Tàu,https://www.ivivu.com/khach-san-vung-tau/an-phu-condotel-the-song-apartment-vung-tau
IVU_000379,vung-tau,Sơn Thịnh - Beach Oasky apartment,https://www.ivivu.com/khach-san-vung-tau/son-thinh-beach-oasky-apartment
IVU_000380,vung-tau,Bin’s House - The Song Vung Tau,https://www.ivivu.com/khach-san-vung-tau/bin-s-house-the-song-vung-tau
IVU_000381,vung-tau,The Song LE-A House Homestay Vung Tau near Beach,https://www.ivivu.com/khach-san-vung-tau/the-song-le-a-house-homestay-vung-tau-near-beach
IVU_000382,vung-tau,The Sóng Vũng Tàu 3,https://www.ivivu.com/khach-san-vung-tau/the-song-vung-tau-3
IVU_000383,vung-tau,Căn hộ Condontel The Sóng Vũng Tàu,https://www.ivivu.com/khach-san-vung-tau/can-ho-condontel-the-song-vung-tau
IVU_000384,vung-tau,Bo - Homestay The Song 2pn,https://www.ivivu.com/khach-san-vung-tau/bo-homestay-the-song-2pn
IVU_000385,vung-tau,Sabina Luxury Boutique Hotel & Villa,https://www.ivivu.com/khach-san-vung-tau/sabina-luxury-boutique-hotel-villa
IVU_000386,vung-tau,SeaSala VT Hotel,https://www.ivivu.com/khach-san-vung-tau/seasala-vt-hotel
IVU_000387,vung-tau,Sunny Canopy Homestay,https://www.ivivu.com/khach-san-vung-tau/sunny-canopy-homestay
IVU_000388,vung-tau,The Song Vũng Tàu Apartment - Cookies Homestay Căn Hộ Biển,https://www.ivivu.com/khach-san-vung-tau/the-song-vung-tau-apartment-cookies-homestay-can-ho-bien
IVU_000389,vung-tau,Homestay Hồng Hà - Căn hộ The Sóng 2 Phòng Ngủ,https://www.ivivu.com/khach-san-vung-tau/homestay-hong-ha-can-ho-the-song-2-phong-ngu
IVU_000390,vung-tau,Căn hộ nghỉ dưỡng cao cấp Luxury Condotel Vung Tau,https://www.ivivu.com/khach-san-vung-tau/can-ho-nghi-duong-cao-cap-luxury-condotel-vung-tau
IVU_000391,vung-tau,The Song Vung Tau Apartment (View Pullman),https://www.ivivu.com/khach-san-vung-tau/the-song-vung-tau-apartment-view-pullman
IVU_000392,vung-tau,The Sóng Vũng Tàu 1,https://www.ivivu.com/khach-san-vung-tau/the-song-vung-tau-1
IVU_000393,vung-tau,Studio Apartment Louis&Jack Home 50m2 with Balcony,https://www.ivivu.com/khach-san-vung-tau/studio-apartment-louis-jack-home-50m2-with-balcony
IVU_000394,vung-tau,The Sóng Vũng Tàu - Suri's 3 Bedroom Apartment,https://www.ivivu.com/khach-san-vung-tau/the-song-vung-tau-suris-3-bedroom-apartment
IVU_000395,vung-tau,MELODY VŨNG TÀU,https://www.ivivu.com/khach-san-vung-tau/melody-vung-tau
IVU_000396,vung-tau,The Song Vung Tau - Green Apartment,https://www.ivivu.com/khach-san-vung-tau/aparcondotel-the-song-vung-tau
IVU_000397,vung-tau,"Căn hộ Gateway view hồ bơi, thành phố",https://www.ivivu.com/khach-san-vung-tau/can-ho-gateway-view-ho-boi-thanh-pho
IVU_000398,vung-tau,High-class Apartments close to the sea,https://www.ivivu.com/khach-san-vung-tau/high-class-apartments-close-to-the-sea
IVU_000399,vung-tau,The Sóng Condotel Vũng Tàu,https://www.ivivu.com/khach-san-vung-tau/the-song-condotel-vung-tau
IVU_000400,vung-tau,THE SÓNG VIEW TP VÀ PULLMAN - TUYỆT VỜI,https://www.ivivu.com/khach-san-vung-tau/the-song-view-tp-va-pullman-tuyet-voi
IVU_000401,vung-tau,The song,https://www.ivivu.com/khach-san-vung-tau/the-song
IVU_000402,vung-tau,Cozy Apartment – The Sóng Vũng Tàu,https://www.ivivu.com/khach-san-vung-tau/cozy-apartment-the-song-vung-tau
IVU_000403,vung-tau,Cozrum Homes - Phoenix DIC Apartment,https://www.ivivu.com/khach-san-vung-tau/cozrum-homes-phoenix-dic-apartment
IVU_000404,vung-tau,Gateway 1 phong ngu,https://www.ivivu.com/khach-san-vung-tau/gateway-1-phong-ngu
IVU_000405,vung-tau,Apartment For Rent,https://www.ivivu.com/khach-san-vung-tau/apartment-for-rent
IVU_000406,vung-tau,Căn hộ nghĩ dưỡng cao cấp 4sao gần biển Vũng Tàu,https://www.ivivu.com/khach-san-vung-tau/can-ho-nghi-duong-cao-cap-4sao-gan-bien-vung-tau
IVU_000407,vung-tau,SUITE 5* THE SÓNG JENBU,https://www.ivivu.com/khach-san-vung-tau/suite-5-the-song-jenbu
IVU_000408,vung-tau,The Sóng Vũng Tàu Dhouse,https://www.ivivu.com/khach-san-vung-tau/the-song-vung-tau
IVU_000409,vung-tau,Gateway 2 phong ngu,https://www.ivivu.com/khach-san-vung-tau/gateway-2-phong-ngu
IVU_000410,vung-tau,Khách sạn BIS hotel & coffee Vũng Tàu,https://www.ivivu.com/khach-san-vung-tau/khach-san-bis-hotel-coffee-vung-tau
IVU_000411,vung-tau,Khách sạn Tre Việt,https://www.ivivu.com/khach-san-vung-tau/bamboo-hotel-13541849
IVU_000412,vung-tau,The Sóng Vũng Tàu - Bin's House,https://www.ivivu.com/khach-san-vung-tau/the-song-vung-tau-bins-house
IVU_000413,vung-tau,Babylon Mini Resort,https://www.ivivu.com/khach-san-vung-tau/babylon-mini-resort
IVU_000414,vung-tau,Kim Minh Apartment & Hotel,https://www.ivivu.com/khach-san-vung-tau/kim-minh-apartment-hotel
IVU_000415,vung-tau,The Alcove Apartment Vung Tau,https://www.ivivu.com/khach-san-vung-tau/the-alcove-apartment-vung-tau
IVU_000416,vung-tau,Hoang Minh 846 Hostel,https://www.ivivu.com/khach-san-vung-tau/hoang-minh-846-hostel
IVU_000417,vung-tau,Khách Sạn Cô Ba,https://www.ivivu.com/khach-san-vung-tau/co-ba-hotel
IVU_000418,vung-tau,CĂN HỘ 1PN A2405,https://www.ivivu.com/khach-san-vung-tau/can-ho-1pn-a2405
IVU_000419,vung-tau,Khách Sạn Bãi Trước,https://www.ivivu.com/khach-san-vung-tau/hotel-bai-truoc
IVU_000420,vung-tau,Phuoc Hai Hotel by The Moment,https://www.ivivu.com/khach-san-vung-tau/phuoc-hai-hotel-by-the-moment
IVU_000421,vung-tau,Family Room,https://www.ivivu.com/khach-san-vung-tau/family-room
IVU_000422,vung-tau,Hoang Sang,https://www.ivivu.com/khach-san-vung-tau/hoang-sang
IVU_000423,vung-tau,Thi Thanh Hotel,https://www.ivivu.com/khach-san-vung-tau/thi-thanh-hotel
IVU_000424,vung-tau,The Song Apartment Vung Tau - T House,https://www.ivivu.com/khach-san-vung-tau/can-ho-du-lich-nghi-duong-the-song-trinhs-house
IVU_000425,vung-tau,Căn hộ nghỉ dưỡng 5 * tuyệt vời dành cho gia đình,https://www.ivivu.com/khach-san-vung-tau/can-ho-nghi-duong-5-tuyet-voi-danh-cho-gia-dinh
IVU_000426,vung-tau,The Queen Apartment with Sea view A9-11,https://www.ivivu.com/khach-san-vung-tau/can-ho-2-phong-ngu-the-song-co-ho-boi-huong-bien
IVU_000427,vung-tau,Căn hộ Goldsea 2PN view biển b18-03,https://www.ivivu.com/khach-san-vung-tau/can-ho-goldsea-2pn-view-bien-b18-03
IVU_000428,vung-tau,HƯƠNG PALACE,https://www.ivivu.com/khach-san-vung-tau/huong-palace-953371
IVU_000429,vung-tau,Khách Sạn & Căn Hộ Phúc Lâm,https://www.ivivu.com/khach-san-vung-tau/phuc-lam-hotel-apartment
IVU_000430,vung-tau,Apartment 3 GOLD SEA - SWIMMING POOL - Vũng Tàu,https://www.ivivu.com/khach-san-vung-tau/apartment-3-gold-sea-swimming-pool-vung-tau
IVU_000431,vung-tau,Bibi Homestay,https://www.ivivu.com/khach-san-vung-tau/bibi-homestay
IVU_000432,vung-tau,Khanh homestay,https://www.ivivu.com/khach-san-vung-tau/khanh-homestay
IVU_000433,vung-tau,Thịnh Anh Hotel,https://www.ivivu.com/khach-san-vung-tau/thinh-anh-hotel
IVU_000434,vung-tau,Khách Sạn Hương Phong,https://www.ivivu.com/khach-san-vung-tau/huong-phong-hotel
IVU_000435,vung-tau,HOMEAWAY 02 - THE SONG APARTMENT VUNG TAU,https://www.ivivu.com/khach-san-vung-tau/homeaway-03-the-song-apartment-2brs-lux-condotel
IVU_000436,vung-tau,Hotel Hoai Anh,https://www.ivivu.com/khach-san-vung-tau/hotel-hoai-anh
IVU_000437,vung-tau,Khách Sạn Thu Trang Beachfront,https://www.ivivu.com/khach-san-vung-tau/thu-trang-beachfront-hotel
IVU_000438,vung-tau,DUY KHANG hotel,https://www.ivivu.com/khach-san-vung-tau/duy-khang-hotel
IVU_000439,vung-tau,MILANESA HOTEL & APARTMENT,https://www.ivivu.com/khach-san-vung-tau/milanesa-hotel-apartment
IVU_000440,vung-tau,Khách sạn La Casa,https://www.ivivu.com/khach-san-vung-tau/la-casa-hotel-30142363
IVU_000441,vung-tau,Khách Sạn Anthony,https://www.ivivu.com/khach-san-vung-tau/anthony-hotel
IVU_000442,vung-tau,HOMEAWAY 01 - THE SONG APARTMENT VUNG TAU,https://www.ivivu.com/khach-san-vung-tau/homeaway-01-the-song-apartment-3brs-lux-condotel
IVU_000443,vung-tau,HOMEAWAY - MELODY VUNG TAU,https://www.ivivu.com/khach-san-vung-tau/homeaway-melody-vung-tau
IVU_000444,vung-tau,Fusion Studio Apartment,https://www.ivivu.com/khach-san-vung-tau/fusion-studio-apartment
IVU_000445,vung-tau,Front Beach Hotel,https://www.ivivu.com/khach-san-vung-tau/front-beach-hotel-47818146
IVU_000446,vung-tau,Khách sạn Lucys,https://www.ivivu.com/khach-san-vung-tau/lucys-hotel
IVU_000447,vung-tau,Homestay Bonvoyage,https://www.ivivu.com/khach-san-vung-tau/homestay-bonvoyage
IVU_000448,vung-tau,Khách sạn & Căn hộ Vũng Tàu Luxury,https://www.ivivu.com/khach-san-vung-tau/vung-tau-luxury-hotel-apartment
IVU_000449,vung-tau,Montana Homestay Vũng Tàu,https://www.ivivu.com/khach-san-vung-tau/montana-homestay-vung-tau
IVU_000450,vung-tau,"Vung Tau Goldsea Apartment - Sea View, and Pool",https://www.ivivu.com/khach-san-vung-tau/vung-tau-goldsea-apartment-sea-view-and-pool
IVU_000451,vung-tau,Fusion Studio City View Apartment,https://www.ivivu.com/khach-san-vung-tau/fusion-studio-city-view-apartment
IVU_000452,vung-tau,căn hộ 3 phòng view biển rộng,https://www.ivivu.com/khach-san-vung-tau/can-ho-3-phong-view-bien-rong
IVU_000453,vung-tau,Hotel Hoàng Phú,https://www.ivivu.com/khach-san-vung-tau/hotel-hoang-phu
IVU_000454,vung-tau,Marina Luxury Vũng Tàu,https://www.ivivu.com/khach-san-vung-tau/marina-luxury-vung-tau
IVU_000455,vung-tau,Nin Garden Homestay,https://www.ivivu.com/khach-san-vung-tau/nin-garden-homestay
IVU_000456,vung-tau,Cua Homestay,https://www.ivivu.com/khach-san-vung-tau/cua-homestay
IVU_000457,vung-tau,Golden Hotel,https://www.ivivu.com/khach-san-vung-tau/golden-hotel-1019772
IVU_000458,vung-tau,Biệt thự & Nhà dân 126 Vũng Tàu,https://www.ivivu.com/khach-san-vung-tau/villas-homestay-126-vung-tau
IVU_000459,vung-tau,OYO 1216 Ha Hotel,https://www.ivivu.com/khach-san-vung-tau/oyo-1216-ha-hotel
IVU_000460,vung-tau,OYO 1217 Thao Nguyen Hotel,https://www.ivivu.com/khach-san-vung-tau/oyo-1217-thao-nguyen-hotel
IVU_000461,vung-tau,Apartment 2 GOLD SEA - SWIMMING POOL - Vũng Tàu,https://www.ivivu.com/khach-san-vung-tau/apartment-2-gold-sea-swimming-pool-vung-tau
IVU_000462,vung-tau,Apartment 1 GOLD SEA - SWIMMING POOL - Vũng Tàu,https://www.ivivu.com/khach-san-vung-tau/apartment-1-gold-sea-swimming-pool-vung-tau
IVU_000463,vung-tau,Căn hộ 2pn Vũng Tàu mặt biển Goom Apartment,https://www.ivivu.com/khach-san-vung-tau/can-ho-2pn-vung-tau-mat-bien-goom-apartment
IVU_000464,vung-tau,Nhà Bin homestay,https://www.ivivu.com/khach-san-vung-tau/nha-bin-homestay
IVU_000465,vung-tau,Minh Nhan Hotel,https://www.ivivu.com/khach-san-vung-tau/minh-nhan-hotel
IVU_000466,vung-tau,Nhật Hạ Hotel Vũng Tàu,https://www.ivivu.com/khach-san-vung-tau/nhat-ha-hotel-vung-tau-953650
IVU_000467,vung-tau,Thanh Nhan homestay Vung Tau,https://www.ivivu.com/khach-san-vung-tau/thanh-nhan-homestay-vung-tau
IVU_000468,vung-tau,AN NHIÊN HOTEL,https://www.ivivu.com/khach-san-vung-tau/an-nhien-hotel
IVU_000469,vung-tau,Hostel Nam Phương 2,https://www.ivivu.com/khach-san-vung-tau/nam-phuong-hostel-2
IVU_000470,vung-tau,Green LP Hotel & Apartment,https://www.ivivu.com/khach-san-vung-tau/green-lp-hotel-apartment
IVU_000471,vung-tau,V Boutique Hotel - Complimentary refreshments,https://www.ivivu.com/khach-san-vung-tau/v-boutique-hotel
IVU_000472,vung-tau,Naples Studio Apartment 303,https://www.ivivu.com/khach-san-vung-tau/naples-studio-apartment-303
IVU_000473,vung-tau,Khách Sạn Lighthouse Vũng Tàu,https://www.ivivu.com/khach-san-vung-tau/lighthouse-hotel-vung-tau
IVU_000474,vung-tau,Ham Homestay,https://www.ivivu.com/khach-san-vung-tau/ham-homestay
IVU_000475,vung-tau,Dylan Hotel,https://www.ivivu.com/khach-san-vung-tau/dylan-hotel-9059732
IVU_000476,vung-tau,THE VIEW HOTEL,https://www.ivivu.com/khach-san-vung-tau/the-view-hotel-51549131
IVU_000477,vung-tau,Khách sạn Hoàng Anh Vũng Tàu,https://www.ivivu.com/khach-san-vung-tau/hoang-anh-hotel-vung-tau
IVU_000478,vung-tau,Com Homestay,https://www.ivivu.com/khach-san-vung-tau/com-homestay
IVU_000479,vung-tau,OYO 1212 Uyen Phuong Motel,https://www.ivivu.com/khach-san-vung-tau/oyo-1212-uyen-phuong-motel
IVU_000480,vung-tau,TNH Hotel Vung Tau,https://www.ivivu.com/khach-san-vung-tau/sea-ruby-hotel
IVU_000481,vung-tau,Nếp Apartment Hotel,https://www.ivivu.com/khach-san-vung-tau/nep-apartment-hotel
IVU_000482,vung-tau,The Ruộng Resort,https://www.ivivu.com/khach-san-vung-tau/the-ruong-resort
IVU_000483,vung-tau,Hoang Minh Hotel Vung Tau,https://www.ivivu.com/khach-san-vung-tau/hoang-minh-hotel-vung-tau
IVU_000484,vung-tau,Khu nghỉ dưỡng Happy Stay - Novaland Bình Châu,https://www.ivivu.com/khach-san-vung-tau/happy-stay-resort-novaland-binh-chau-new-furniture
IVU_000485,vung-tau,Biệt thự gần bãi biển CocoPalm - Phòng Coco,https://www.ivivu.com/khach-san-vung-tau/cocopalm-villa-near-beach-coco-room
IVU_000486,vung-tau,Khu du lịch Bờ Hồ,https://www.ivivu.com/khach-san-vung-tau/khu-du-lich-bo-ho
IVU_000487,vung-tau,"Biệt thự 16 m² 1 phòng ngủ, 1 phòng tắm riêng ở Ho Coc",https://www.ivivu.com/khach-san-vung-tau/hotel-toan-thinh-view-bien-binh-chau
IVU_000488,vung-tau,Minh DAM Hotel & Restaurant,https://www.ivivu.com/khach-san-vung-tau/minh-dam-hotel-restaurant
IVU_000489,vung-tau,Homestay Lightly,https://www.ivivu.com/khach-san-vung-tau/homestay-lightly
IVU_000490,vung-tau,Thanh Homestay,https://www.ivivu.com/khach-san-vung-tau/thanh-homestay
IVU_000491,vung-tau,Hoang Tam Villa,https://www.ivivu.com/khach-san-vung-tau/hoang-tam-villa
IVU_000492,vung-tau,The Serect Con Dao,https://www.ivivu.com/khach-san-vung-tau/the-serect-con-dao
IVU_000493,vung-tau,Hodota Bình Châu Resort & Camping,https://www.ivivu.com/khach-san-vung-tau/hodota-binh-chau-resort-camping
IVU_000494,vung-tau,Thanh home stay,https://www.ivivu.com/khach-san-vung-tau/thanh-home-stay
IVU_000495,vung-tau,Lop forest homestay,https://www.ivivu.com/khach-san-vung-tau/lop-forest-homestay
IVU_000496,vung-tau,The Rebirth Apartment Binh Chau Ho Tram,https://www.ivivu.com/khach-san-vung-tau/the-rebirth-apartment
IVU_000497,vung-tau,Sunny Hotel Xuyên Mộc,https://www.ivivu.com/khach-san-vung-tau/sunny-hotel-xuyen-moc
IVU_000498,vung-tau,Khách sạn Vên Vên Hồ Cốc,https://www.ivivu.com/khach-san-vung-tau/ven-ven-hotel-ho-coc
IVU_000499,vung-tau,"Phoenix, lakefront, comfort Apart - PLV 0711 D.P",https://www.ivivu.com/khach-san-vung-tau/phoenix-lakefront-comfort-apart-plv-0711-d-p
IVU_000500,vung-tau,Khách sạn Skool Plus Vũng Tàu,https://www.ivivu.com/khach-san-vung-tau/khach-san-skool-plus-vung-tau
IVU_000501,vung-tau,Khách sạn Oyster Bay Vũng Tàu,https://www.ivivu.com/khach-san-vung-tau/oyster-bay-hotel-vung-tau
IVU_000502,vung-tau,PK Luxury Beach Condotel - The Song Vung Tau,https://www.ivivu.com/khach-san-vung-tau/pk-luxury-beach-condotel-the-song-vung-tau
IVU_000503,vung-tau,Yalkun’s Home – The Sóng Condotel Vũng Tàu,https://www.ivivu.com/khach-san-vung-tau/yalkunas-home-the-song-condotel-v%C5%A9ng-tau
IVU_000504,vung-tau,Palma Homestay The Song Vũng Tàu,https://www.ivivu.com/khach-san-vung-tau/palma-homestay-the-song-vu%CC%83ng-tau
IVU_000505,vung-tau,Khách sạn Victory Vũng Tàu,https://www.ivivu.com/khach-san-vung-tau/khach-san-victory-vung-tau
IVU_000506,vung-tau,Vivu CSJ Tower Vũng Tàu,https://www.ivivu.com/khach-san-vung-tau/vivu-csj-tower-v%C5%A9ng-tau
IVU_000507,vung-tau,Khách Sạn Bảo Hoàng Vũng Tàu,https://www.ivivu.com/khach-san-vung-tau/khach-san-bao-hoang-v%C5%A9ng-tau
IVU_000508,vung-tau,Nhà Của Măng - CSJ Tower Bãi Sau Vũng Tàu,https://www.ivivu.com/khach-san-vung-tau/nha-c%E1%BB%A7a-mang-csj-tower-bai-sau-v%C5%A9ng-tau
IVU_000509,vung-tau,Khu Nghĩ dưỡng Rubby Hồ Tràm,https://www.ivivu.com/khach-san-vung-tau/khu-ngh%C4%A9-da%E1%BB%A1ng-rubby-h%E1%BB%93-tram
IVU_000510,vung-tau,Lucky Star Resort,https://www.ivivu.com/khach-san-vung-tau/lucky-star-resort-54343616
IVU_000511,vung-tau,Villa - Oceanami Resort & Beach Club,https://www.ivivu.com/khach-san-vung-tau/villa-oceanami-resort-beach-club
IVU_000512,vung-tau,Can Ho Nghi Duong DATOUR HOME - OASKY VUNG TAU,https://www.ivivu.com/khach-san-vung-tau/can-ho-nghi-duong-datour-home-oasky-vung-tau
IVU_000513,vung-tau,The Sóng Condotel Vũng Tàu - Healing House,https://www.ivivu.com/khach-san-vung-tau/the-song-condotel-v%C5%A9ng-tau-healing-house
IVU_000514,vung-tau,The Sóng Apartment Vũng Tàu - Cỏ Ba Lá Homestay,https://www.ivivu.com/khach-san-vung-tau/the-song-apartment-v%C5%A9ng-tau-c%E1%BB%8F-ba-la-homestay
IVU_000515,vung-tau,The Sóng Apartment Vũng Tàu - Hương's Homestay,https://www.ivivu.com/khach-san-vung-tau/the-song-apartment-v%C5%A9ng-tau-haangs-homestay
IVU_000516,vung-tau,Luxury The Song Apartment - TSR Co.ltd,https://www.ivivu.com/khach-san-vung-tau/luxury-the-song-apartment-tsr-co-ltd
IVU_000517,vung-tau,The Sóng Vũng Tàu An Home,https://www.ivivu.com/khach-san-vung-tau/the-song-vu%CC%83ng-tau-an-home
IVU_000518,vung-tau,NaPa Homestay - The Sóng Vũng Tàu,https://www.ivivu.com/khach-san-vung-tau/napa-homestay-the-song-v%C5%A9ng-tau
IVU_000519,vung-tau,The Song Apartment 5 Star - Windy's Home,https://www.ivivu.com/khach-san-vung-tau/the-song-apartment-5-star-windys-home
IVU_000520,vung-tau,The Sóng Vũng Tàu - Homestay Nhà Mình,https://www.ivivu.com/khach-san-vung-tau/the-song-v%C5%A9ng-tau-homestay-nha-minh
IVU_000521,vung-tau,HAWA HOTEL,https://www.ivivu.com/khach-san-vung-tau/hawa-hotel-52320349
IVU_000522,vung-tau,Oasky36 - Datour,https://www.ivivu.com/khach-san-vung-tau/oasky36-datour
IVU_000523,vung-tau,The Sóng Apartment - Bear Homestay Vung Tau,https://www.ivivu.com/khach-san-vung-tau/the-song-apartment-bear-homestay-vung-tau
IVU_000524,vung-tau,Binh Minh Resort - Vung Tau Cable Car,https://www.ivivu.com/khach-san-vung-tau/binh-minh-resort-vung-tau-cable-car
IVU_000525,vung-tau,Khách sạn Tuyết Lan,https://www.ivivu.com/khach-san-vung-tau/tuyet-lan-hotel
IVU_000526,vung-tau,The Sóng Apartment Vũng Tàu- May Homestay,https://www.ivivu.com/khach-san-vung-tau/the-song-apartment-v%C5%A9ng-tau-may-homestay
IVU_000527,vung-tau,The Song Vung tàu apartmen,https://www.ivivu.com/khach-san-vung-tau/the-song-vung-tau-apartmen
IVU_000528,vung-tau,KHÁCH SẠN HOME VŨNG TÀU,https://www.ivivu.com/khach-san-vung-tau/khach-san-home-v%C5%A9ng-tau
IVU_000529,vung-tau,Can ho Truong Son,https://www.ivivu.com/khach-san-vung-tau/can-ho-truong-son
IVU_000530,vung-tau,Sunflower Villa With Infinity Swimming Pool,https://www.ivivu.com/khach-san-vung-tau/sunflower-villa-with-infinity-swimming-pool
IVU_000531,vung-tau,THE SÓNG APARTMENT VŨNG TÀU - MAI'S HOUSE,https://www.ivivu.com/khach-san-vung-tau/the-song-apartment-v%C5%A9ng-tau-mais-house
IVU_000532,vung-tau,Diamond Sea Hotel,https://www.ivivu.com/khach-san-vung-tau/diamond-sea-hotel
IVU_000533,vung-tau,Chingu Boutique Home Vũng Tàu,https://www.ivivu.com/khach-san-vung-tau/chingu-boutique-home-v%C5%A9ng-tau
IVU_000534,vung-tau,An Hotel,https://www.ivivu.com/khach-san-vung-tau/an-hotel-59846125
IVU_000535,vung-tau,Hafi Boutique Hotel,https://www.ivivu.com/khach-san-vung-tau/hafi-boutique-hotel-54800477
IVU_000536,vung-tau,Amy Motel Xuyên Mộc,https://www.ivivu.com/khach-san-vung-tau/amy-motel-xuyan-m%E1%BB%99c
IVU_000537,vung-tau,Thuy Duong Resort,https://www.ivivu.com/khach-san-vung-tau/thuy-duong-resort-45031390
IVU_000538,vung-tau,Khách sạn Iconic Long Hải,https://www.ivivu.com/khach-san-vung-tau/khach-san-iconic-long-hai
IVU_000539,vung-tau,Bắp’s Sea View Apartment in CSJ Tower,https://www.ivivu.com/khach-san-vung-tau/bapas-sea-view-apartment-in-csj-tower
IVU_000540,vung-tau,Ken's House - CSJ Apartment Vũng Tàu,https://www.ivivu.com/khach-san-vung-tau/kens-house-csj-apartment-vung-tau
IVU_000541,vung-tau,Mun's Home - Căn Hộ Cao Cấp CSJ Bãi Sau Vũng Tàu,https://www.ivivu.com/khach-san-vung-tau/muns-home-can-ho-cao-cap-csj-bai-sau-vung-tau
IVU_000542,vung-tau,Tay Thi95 Hotel,https://www.ivivu.com/khach-san-vung-tau/tay-thi95-hotel
IVU_000543,vung-tau,An's Home - CSJ Tower Vũng Tàu,https://www.ivivu.com/khach-san-vung-tau/ans-home-csj-tower-vung-tau
IVU_000544,vung-tau,The Lana Ho Tram Homestay,https://www.ivivu.com/khach-san-vung-tau/the-lana-ho-tram-homestay
IVU_000545,vung-tau,Villa Santuary Ho Tram,https://www.ivivu.com/khach-san-vung-tau/villa-santuary-ho-tram
IVU_000546,vung-tau,"Beachfront villa Sanctuary Ho Tram, 4 Bedrooms",https://www.ivivu.com/khach-san-vung-tau/beachfront-villa-sanctuary-ho-tram-4-bedrooms
IVU_000547,vung-tau,Diamond Star Hotel,https://www.ivivu.com/khach-san-vung-tau/diamond-star-hotel-65276174
IVU_000548,vung-tau,Alcove Long Hai Oceanami Resort,https://www.ivivu.com/khach-san-vung-tau/alcove-long-hai-oceanami-resort
IVU_000549,vung-tau,Nhà Nghỉ Sinh Đôi,https://www.ivivu.com/khach-san-vung-tau/nha-nghi-sinh-doi
IVU_000550,vung-tau,Hoa Giấy Hilltop Retreat,https://www.ivivu.com/khach-san-vung-tau/hoa-giey-hilltop-retreat
IVU_000551,vung-tau,Khách Sạn Cà Phê Dinh Cô,https://www.ivivu.com/khach-san-vung-tau/khach-san-ca-pha-dinh-ca
IVU_000552,vung-tau,Oceanami Villas & Beach Club,https://www.ivivu.com/khach-san-vung-tau/oceanami-villas-beach-club
IVU_000553,vung-tau,"Oceanami Resort 1,2,3,4,5 Bedroom Long Hai",https://www.ivivu.com/khach-san-vung-tau/oceanami-resort-1-2-3-4-5-bedroom-long-hai
IVU_000554,vung-tau,The Sóng Vũng Tàu - Suri's Apartment,https://www.ivivu.com/khach-san-vung-tau/the-song-vung-tau-suris-apartment
IVU_000555,vung-tau,Tokyo Homestay - The Song 5 Stars Apartment,https://www.ivivu.com/khach-san-vung-tau/tokyo-homestay-the-song-5-stars-apartment
IVU_000556,vung-tau,The Song House Vung Tau,https://www.ivivu.com/khach-san-vung-tau/the-song-house-vung-tau-63550428
IVU_000557,vung-tau,Dreamer Hotel,https://www.ivivu.com/khach-san-vung-tau/dreamer-hotel
IVU_000558,vung-tau,Hải Phong Hotel,https://www.ivivu.com/khach-san-vung-tau/hai-phong-hotel-64024178
IVU_000559,vung-tau,Luxury Apartment Bi Homestay The Song Vung Tau,https://www.ivivu.com/khach-san-vung-tau/luxury-apartment-bi-homestay-the-song-vung-tau
IVU_000560,vung-tau,The Sóng Dhouse,https://www.ivivu.com/khach-san-vung-tau/the-song-dhouse
IVU_000561,vung-tau,Can ho Studio The Song Vung Tau - Hong Ha Homestay,https://www.ivivu.com/khach-san-vung-tau/can-ho-studio-the-song-vung-tau-hong-ha-homestay
IVU_000562,vung-tau,The Song Apartment Vung Tau - Minh Vũ Apartment,https://www.ivivu.com/khach-san-vung-tau/the-song-apartment-vung-tau-minh-vu-apartment
IVU_000563,vung-tau,The Song Apartment - Lucy's House,https://www.ivivu.com/khach-san-vung-tau/the-song-apartment-lucys-house
IVU_000564,vung-tau,Mon Mon’s Homestay – The Sóng Vũng Tàu,https://www.ivivu.com/khach-san-vung-tau/mon-monas-homestay-the-song-vung-tau
IVU_000565,vung-tau,Bông's Homestay - Căn Hộ Du Lịch The Sóng Vũng Tàu,https://www.ivivu.com/khach-san-vung-tau/bongs-homestay-can-ho-du-lich-the-song-vung-tau
IVU_000566,vung-tau,Mun's Home - Căn Hộ Cao Cấp The Sóng Vũng Tàu,https://www.ivivu.com/khach-san-vung-tau/muns-home-can-ho-cao-cap-the-song-vung-tau
IVU_000567,vung-tau,The Sóng Apartment Vung Tau – Mây’s House,https://www.ivivu.com/khach-san-vung-tau/the-song-apartment-vung-tau-mayas-house
IVU_000568,vung-tau,Hotel TiGôn,https://www.ivivu.com/khach-san-vung-tau/hotel-tigan
IVU_000569,vung-tau,The Sóng Vũng Tàu - Su Su Homestay,https://www.ivivu.com/khach-san-vung-tau/the-song-vung-tau-su-su-homestay
IVU_000570,vung-tau,462 Motel,https://www.ivivu.com/khach-san-vung-tau/462-motel
IVU_000571,vung-tau,Ngoc Hien,https://www.ivivu.com/khach-san-vung-tau/ngoc-hien
IVU_000572,vung-tau,Moonlight Homestay Vung Tau City Central,https://www.ivivu.com/khach-san-vung-tau/moonlight-homestay-vung-tau-city-central
IVU_000573,vung-tau,Joi Boutique Bãi Trước,https://www.ivivu.com/khach-san-vung-tau/joi-boutique-bai-truoc
IVU_000574,vung-tau,SUNSHINE HOTEL VŨNG TÀU,https://www.ivivu.com/khach-san-vung-tau/sunshine-hotel-vung-tau
IVU_000575,vung-tau,Homestay Uncledon,https://www.ivivu.com/khach-san-vung-tau/homestay-uncledon
IVU_000576,vung-tau,Villas 126-G1 Vung Tau,https://www.ivivu.com/khach-san-vung-tau/villas-126-g1-vung-tau
IVU_000577,vung-tau,NGỌC CHÂU HOTEL,https://www.ivivu.com/khach-san-vung-tau/ngoc-chau-hotel
IVU_000578,vung-tau,Thuý Hạnh Hotel,https://www.ivivu.com/khach-san-vung-tau/thuy-hanh-hotel
IVU_000579,vung-tau,Thuý Hạnh Homestay,https://www.ivivu.com/khach-san-vung-tau/thuy-hanh-homestay
IVU_000580,vung-tau,Seven Daddy Homestay,https://www.ivivu.com/khach-san-vung-tau/seven-daddy-homestay
IVU_000581,vung-tau,Khách sạn Đăng Khoa,https://www.ivivu.com/khach-san-vung-tau/khach-san-dang-khoa
IVU_000582,vung-tau,THỦY NGA,https://www.ivivu.com/khach-san-vung-tau/thuy-nga-66750356
IVU_000583,vung-tau,Anna Luxury Apartment,https://www.ivivu.com/khach-san-vung-tau/anna-luxury-apartment-66347844
IVU_000584,vung-tau,The Seven Hotel,https://www.ivivu.com/khach-san-vung-tau/the-seven-hotel-65219884
IVU_000585,vung-tau,Camping Vivu24h Hồ Cốc,https://www.ivivu.com/khach-san-vung-tau/camping-vivu24h-ho-coc
IVU_000586,vung-tau,Minh Dam Hotel,https://www.ivivu.com/khach-san-vung-tau/minh-dam-hotel
IVU_000587,vung-tau,Duyen's Homestay - Can ho Son Thinh 1,https://www.ivivu.com/khach-san-vung-tau/duyens-homestay-can-ho-son-thinh-1-64502113
IVU_000588,vung-tau,Happy Stay Resort,https://www.ivivu.com/khach-san-vung-tau/happy-stay-resort
IVU_000589,vung-tau,Villa Bien - Resort Oceanami,https://www.ivivu.com/khach-san-vung-tau/villa-bien-resort-oceanami
IVU_000590,vung-tau,Tan Duy Hotel,https://www.ivivu.com/khach-san-vung-tau/tan-duy-hotel
IVU_000591,vung-tau,Hang Sói Forest Village,https://www.ivivu.com/khach-san-vung-tau/hang-soi-forest-village
IVU_000592,vung-tau,Huyen's Home,https://www.ivivu.com/khach-san-vung-tau/huyens-home-66338323
IVU_000593,vung-tau,NV SportCamp & Hotel Ho Tram - Ba Ria Vung Tau,https://www.ivivu.com/khach-san-vung-tau/nv-sportcamp-hotel-ho-tram-ba-ria-vung-tau
IVU_000594,vung-tau,Binh Chau Homestay,https://www.ivivu.com/khach-san-vung-tau/binh-chau-homestay
IVU_000595,vung-tau,Hang Sói Glamping,https://www.ivivu.com/khach-san-vung-tau/hang-soi-glamping
IVU_000596,vung-tau,TNH O Ye Home - CSJ TOWER VUNG TAU,https://www.ivivu.com/khach-san-vung-tau/tnh-o-ye-home-csj-tower-vung-tau
IVU_000597,vung-tau,Tom's House - CSJ Tower Vũng Tàu,https://www.ivivu.com/khach-san-vung-tau/toms-house-csj-tower-vung-tau
IVU_000598,vung-tau,Stunning Ocean View - CSJ Tower Vung Tau,https://www.ivivu.com/khach-san-vung-tau/stunning-ocean-view-csj-tower-vung-tau
IVU_000599,vung-tau,Coastal Suite CSJ Tower Vung tau,https://www.ivivu.com/khach-san-vung-tau/coastal-suite-csj-tower-vung-tau
IVU_000600,vung-tau,Gia Nguyễn Hotel Vũng Tàu,https://www.ivivu.com/khach-san-vung-tau/gia-nguyen-hotel-vung-tau
IVU_000601,vung-tau,Resort Mộc Hồ,https://www.ivivu.com/khach-san-vung-tau/resort-moc-ho
IVU_000602,vung-tau,The Sim Hotel Vung Tau,https://www.ivivu.com/khach-san-vung-tau/the-sim-hotel-vung-tau
IVU_000603,vung-tau,Sumi House - CSJ Tower Apt Vung Tau,https://www.ivivu.com/khach-san-vung-tau/sumi-house-csj-tower-apt-vung-tau
IVU_000604,vung-tau,Happy Garden Ho Tram,https://www.ivivu.com/khach-san-vung-tau/happy-garden-ho-tram
IVU_000605,vung-tau,Wings House Homestay Hồ Tràm,https://www.ivivu.com/khach-san-vung-tau/wings-house-homestay-ho-tram
IVU_000606,vung-tau,Cáts Home - CSJ Tower Vũng Tàu,https://www.ivivu.com/khach-san-vung-tau/cats-home-csj-tower-vung-tau
IVU_000607,vung-tau,Maison Villa By The Sea,https://www.ivivu.com/khach-san-vung-tau/maison-villa-by-the-sea
IVU_000608,vung-tau,Phuong Tu Guesthouse,https://www.ivivu.com/khach-san-vung-tau/phuong-tu-guesthouse
IVU_000609,vung-tau,Glenwood Sanctuary Villa Hồ Tràm- Villa 85,https://www.ivivu.com/khach-san-vung-tau/glenwood-sanctuary-villa-ho-tram-villa-85
IVU_000610,vung-tau,Homestays Hien Hoa,https://www.ivivu.com/khach-san-vung-tau/homestays-hien-hoa
IVU_000611,vung-tau,Villa Biển 4PN - Oceanami Resort - Long Hải,https://www.ivivu.com/khach-san-vung-tau/villa-bien-4pn-oceanami-resort-long-hai
IVU_000612,vung-tau,Lam Vi Hotel,https://www.ivivu.com/khach-san-vung-tau/lam-vi-hotel
IVU_000613,vung-tau,Kim Nghi Hotel,https://www.ivivu.com/khach-san-vung-tau/kim-nghi-hotel
IVU_000614,vung-tau,Vườn Xanh Hotel & Cafe,https://www.ivivu.com/khach-san-vung-tau/vuon-xanh-hotel-cafe
IVU_000615,vung-tau,Sol Hotel & Apartment,https://www.ivivu.com/khach-san-vung-tau/sol-hotel-apartment
IVU_000616,vung-tau,Bai Dau Stop & Go Hotel Vung Tau,https://www.ivivu.com/khach-san-vung-tau/bai-dau-stop-go-hotel-vung-tau
IVU_000617,vung-tau,Osimi Phu My Apartment - 1 & 2 bedroom,https://www.ivivu.com/khach-san-vung-tau/osimi-phu-my-apartment-1-2-bedroom
IVU_000618,vung-tau,Xing Ocean VT - by BAY LUXURY,https://www.ivivu.com/khach-san-vung-tau/xing-ocean-vt-by-bay-luxury
IVU_000619,vung-tau,Luxury Condotel - Mermaid Seaside Vung Tau,https://www.ivivu.com/khach-san-vung-tau/luxury-condotel-mermaid-seaside-vung-tau
IVU_000620,vung-tau,Thulee Luxury Hotel - Phu My,https://www.ivivu.com/khach-san-vung-tau/thulee-luxury-hotel-phu-my
IVU_000621,vung-tau,CĂN HỘ VIEW BIỂN - VIE HOUSE,https://www.ivivu.com/khach-san-vung-tau/can-ho-view-bien-vie-house
IVU_000622,vung-tau,Fati Boutique Hotel & Apartment,https://www.ivivu.com/khach-san-vung-tau/fati-boutique-hotel-apartment-75225652
IVU_000623,vung-tau,The Song Your Homestay Vung Tau,https://www.ivivu.com/khach-san-vung-tau/the-song-your-homestay-vung-tau
IVU_000624,vung-tau,47 Tran Phu,https://www.ivivu.com/khach-san-vung-tau/47-tran-phu
IVU_000625,vung-tau,The Sóng Apartment Vũng Tàu - Phươngg's House,https://www.ivivu.com/khach-san-vung-tau/the-song-apartment-vung-tau-phuonggs-house
IVU_000626,vung-tau,Thanh Nien Hotel - Vung Tau,https://www.ivivu.com/khach-san-vung-tau/thanh-nien-hotel-vung-tau
IVU_000627,vung-tau,The Song Vung Tau An An Homestay,https://www.ivivu.com/khach-san-vung-tau/the-song-vung-tau-an-an-homestay
IVU_000628,vung-tau,Khach san Hoang Bach,https://www.ivivu.com/khach-san-vung-tau/khach-san-hoang-bach
IVU_000629,vung-tau,Ocean House in The Song An Gia Vung Tau,https://www.ivivu.com/khach-san-vung-tau/ocean-house-in-the-song-an-gia-vung-tau
IVU_000630,vung-tau,The Sóng Vũng Tàu - Nhà Ú Homestay,https://www.ivivu.com/khach-san-vung-tau/the-song-vung-tau-nha-u-homestay
IVU_000631,vung-tau,The Song condotel phuonglinh homestay,https://www.ivivu.com/khach-san-vung-tau/the-song-condotel-phuonglinh-homestay
IVU_000632,vung-tau,3H Apartment - The Song Apartment Vung Tau,https://www.ivivu.com/khach-san-vung-tau/3h-apartment-the-song-apartment-vung-tau
IVU_000633,vung-tau,Hà Đan Hotel - Bãi Sau Vũng Tàu,https://www.ivivu.com/khach-san-vung-tau/ha-dan-hotel-bai-sau-vung-tau
IVU_000634,vung-tau,Son Thinh - Oasky Apartment,https://www.ivivu.com/khach-san-vung-tau/son-thinh-oasky-apartment
IVU_000635,vung-tau,The Song Vung Tau Condotel Phuong Linh Homestay,https://www.ivivu.com/khach-san-vung-tau/the-song-vung-tau-condotel-phuong-linh-homestay
IVU_000636,vung-tau,The Song Vita s Apartment,https://www.ivivu.com/khach-san-vung-tau/the-song-vita-s-apartment
IVU_000637,vung-tau,The Song Apartment - Homestay Vung Tau 1992,https://www.ivivu.com/khach-san-vung-tau/the-song-apartment-homestay-vung-tau-1992-47436963
IVU_000638,vung-tau,Luxury apartment sea view- May The Song,https://www.ivivu.com/khach-san-vung-tau/luxury-apartment-sea-view-may-the-song
IVU_000639,vung-tau,Su House - Apartment Condotel The Song,https://www.ivivu.com/khach-san-vung-tau/su-house-apartment-condotel-the-song-67661528
IVU_000640,vung-tau,T-A Homes - The Sóng Aparment Vũng Tàu,https://www.ivivu.com/khach-san-vung-tau/t-a-homes-the-song-aparment-vung-tau
IVU_000641,vung-tau,Tiến Đạt Hotel Vũng Tàu,https://www.ivivu.com/khach-san-vung-tau/tien-dat-hotel-vung-tau
IVU_000642,vung-tau,Vũng Tàu Apartment - The Sóng Homestay,https://www.ivivu.com/khach-san-vung-tau/vung-tau-apartment-the-song-homestay
IVU_000643,vung-tau,Nắng Hotel Vũng Tàu,https://www.ivivu.com/khach-san-vung-tau/nang-hotel-vung-tau
IVU_000644,vung-tau,Dumin’s Home - The Sóng Vũng Tàu,https://www.ivivu.com/khach-san-vung-tau/dumin-s-home-the-song-vung-tau
IVU_000645,vung-tau,The Song Apartment Vung Tau By Vita Homestay,https://www.ivivu.com/khach-san-vung-tau/the-song-apartment-vung-tau-by-vita-homestay
IVU_000646,vung-tau,Thuy Hang Homestay - Oasky Apartment Vũng Tàu,https://www.ivivu.com/khach-san-vung-tau/thuy-hang-homestay-oasky-apartment-vung-tau
IVU_000647,vung-tau,"Gạo Homestay – The Sóng Vũng Tàu, Có Hồ Bơi Vô Cực",https://www.ivivu.com/khach-san-vung-tau/gao-homestay-the-song-vung-tau-co-ho-boi-vo-cuc
IVU_000648,vung-tau,Hotel Trọng Nghĩa - Vũng Tàu,https://www.ivivu.com/khach-san-vung-tau/hotel-trong-nghia-vung-tau
IVU_000649,vung-tau,Erica's House - Oceanview The Song Vung Tau,https://www.ivivu.com/khach-san-vung-tau/ericas-house-oceanview-the-song-vung-tau
IVU_000650,vung-tau,Seahorse Apartment,https://www.ivivu.com/khach-san-vung-tau/seahorse-apartment
IVU_000651,vung-tau,Thanh Huyen Hotel Vung Tau,https://www.ivivu.com/khach-san-vung-tau/thanh-huyen-hotel-vung-tau-56158022
IVU_000652,vung-tau,Erica house- Can ho the song Vung Tau,https://www.ivivu.com/khach-san-vung-tau/erica-house-can-ho-the-song-vung-tau
IVU_000653,vung-tau,The Dreamer - Vung Tau,https://www.ivivu.com/khach-san-vung-tau/the-dreamer-vung-tau
IVU_000654,vung-tau,The Sóng Vũng Tàu Homestay - VTLand 2,https://www.ivivu.com/khach-san-vung-tau/the-song-vung-tau-homestay-vtland-2
IVU_000655,vung-tau,Zahoo House in The Song Vung Tau,https://www.ivivu.com/khach-san-vung-tau/zahoo-house-in-the-song-vung-tau
IVU_000656,vung-tau,Thái Bình Hotel Vũng Tàu,https://www.ivivu.com/khach-san-vung-tau/thai-binh-hotel-vung-tau
IVU_000657,vung-tau,Oasis Suites The Song - Free Gym Pool Ocean Beach,https://www.ivivu.com/khach-san-vung-tau/oasis-suites-the-song-free-gym-pool-ocean-beach
IVU_000658,vung-tau,The Song View Bien - Hoai Homestay,https://www.ivivu.com/khach-san-vung-tau/the-song-view-bien-hoai-homestay
IVU_000659,vung-tau,ANH QUAN HOTEL VUNG TAU,https://www.ivivu.com/khach-san-vung-tau/anh-quan-hotel-vung-tau
IVU_000660,vung-tau,Jolilian Hotel,https://www.ivivu.com/khach-san-vung-tau/jolilian-hotel
IVU_000661,vung-tau,Toan'House-The Song Condotel Vung Tau,https://www.ivivu.com/khach-san-vung-tau/toanhouse-the-song-condotel-vung-tau
IVU_000662,vung-tau,The Song Vung Tau Xinh,https://www.ivivu.com/khach-san-vung-tau/the-song-vung-tau-xinh-64197808
IVU_000663,vung-tau,Tuấn Homestay,https://www.ivivu.com/khach-san-vung-tau/tuan-homestay
IVU_000664,vung-tau,OLIUS HOMESTAY - The Sóng Vũng Tàu,https://www.ivivu.com/khach-san-vung-tau/olius-homestay-the-song-vung-tau
IVU_000665,vung-tau,The Song Apartment 5 Stars Vung Tau - My Duyen,https://www.ivivu.com/khach-san-vung-tau/the-song-apartment-5-stars-vung-tau-my-duyen
IVU_000666,vung-tau,Oasky Beach House Vung Tau,https://www.ivivu.com/khach-san-vung-tau/oasky-beach-house-vung-tau
IVU_000667,vung-tau,T&T House,https://www.ivivu.com/khach-san-vung-tau/t-t-house-73544669
IVU_000668,vung-tau,Ngoc Huyen Hotel Branch 2,https://www.ivivu.com/khach-san-vung-tau/ngoc-huyen-hotel-branch-2
IVU_000669,vung-tau,Yen Luxury Hotel,https://www.ivivu.com/khach-san-vung-tau/yen-luxury-hotel
IVU_000670,vung-tau,PREEZE boutique stay,https://www.ivivu.com/khach-san-vung-tau/preeze-boutique-stay
IVU_000671,vung-tau,Sam Nguyen Hotel - Sam Nguyen Hotel Vung Tau,https://www.ivivu.com/khach-san-vung-tau/sam-nguyen-hotel-sam-nguyen-hotel-vung-tau
IVU_000672,vung-tau,Thảo Nguyên Motel,https://www.ivivu.com/khach-san-vung-tau/thao-nguyen-motel
IVU_000673,vung-tau,Cassie Boutique Hotel,https://www.ivivu.com/khach-san-vung-tau/cassie-boutique-hotel-50048695
IVU_000674,vung-tau,Seven Stars Hotel & Apartment,https://www.ivivu.com/khach-san-vung-tau/seven-stars-hotel-apartment
IVU_000675,vung-tau,Victory Airport Hotel CN Vung Tau,https://www.ivivu.com/khach-san-vung-tau/victory-airport-hotel-cn-vung-tau
IVU_000676,vung-tau,Hải Hà Hotel,https://www.ivivu.com/khach-san-vung-tau/hai-ha-hotel
IVU_000677,vung-tau,The July - Coliving by Kegotel,https://www.ivivu.com/khach-san-vung-tau/the-july-coliving-by-kegotel
IVU_000678,vung-tau,NHÀ BÀ TƯ BOUTIQUE HOMESTAY,https://www.ivivu.com/khach-san-vung-tau/nha-ba-tu-boutique-homestay-38397822
IVU_000679,vung-tau,Hannah House,https://www.ivivu.com/khach-san-vung-tau/hannah-house
IVU_000680,vung-tau,Blue Oceon resort,https://www.ivivu.com/khach-san-vung-tau/blue-oceon-resort
IVU_000681,vung-tau,Mai Hotel By Zuzu,https://www.ivivu.com/khach-san-vung-tau/mai-hotel-by-zuzu
IVU_000682,vung-tau,The Land Hotel & Apartment,https://www.ivivu.com/khach-san-vung-tau/the-land-hotel-apartment
IVU_000683,vung-tau,Hotel Son Thinh Vung Tau,https://www.ivivu.com/khach-san-vung-tau/hotel-son-thinh-vung-tau
IVU_000684,vung-tau,Vung Tau Homestay 16H,https://www.ivivu.com/khach-san-vung-tau/vung-tau-homestay-16h
IVU_000685,vung-tau,HA Hotel & Apartment,https://www.ivivu.com/khach-san-vung-tau/ha-hotel-apartment
IVU_000686,vung-tau,Vungtau Surf House - Hostel Surf Camp,https://www.ivivu.com/khach-san-vung-tau/vungtau-surf-house-hostel-surf-camp
IVU_000687,vung-tau,Hoang Phu Hotel,https://www.ivivu.com/khach-san-vung-tau/hoang-phu-hotel
IVU_000688,vung-tau,An Nhien Hotel,https://www.ivivu.com/khach-san-vung-tau/an-nhien-hotel-79223159
IVU_000689,vung-tau,Mio Hotel Vũng Tàu,https://www.ivivu.com/khach-san-vung-tau/mio-hotel-vung-tau
IVU_000690,vung-tau,Petrosetco Hotel,https://www.ivivu.com/khach-san-vung-tau/petrosetco-hotel
IVU_000691,vung-tau,You & Me Hotel Apartment,https://www.ivivu.com/khach-san-vung-tau/you-me-hotel-apartment
IVU_000692,vung-tau,Phúc Anh Hotel Vũng Tàu,https://www.ivivu.com/khach-san-vung-tau/phuc-anh-hotel-vung-tau
IVU_000693,vung-tau,Tuyết Nhi Hotel,https://www.ivivu.com/khach-san-vung-tau/tuyet-nhi-hotel-60895976
IVU_000694,vung-tau,Homestay NHA THUY,https://www.ivivu.com/khach-san-vung-tau/homestay-nha-thuy-68510890
IVU_000695,vung-tau,Sin OAE,https://www.ivivu.com/khach-san-vung-tau/sin-oae
IVU_000696,vung-tau,Thi Thanh Hotel,https://www.ivivu.com/khach-san-vung-tau/thi-thanh-hotel-78611362
IVU_000697,vung-tau,Cafe cắm trại Đồng Gió Phước Hải,https://www.ivivu.com/khach-san-vung-tau/cafe-cam-trai-dong-gio-phuoc-hai
IVU_000698,vung-tau,Phòng Bazan view sân vườn,https://www.ivivu.com/khach-san-vung-tau/pho%CC%80ng-bazan-view-san-vuo%CC%80n
IVU_000699,vung-tau,Happy Home Hotel,https://www.ivivu.com/khach-san-vung-tau/happy-home-hotel-72219898
IVU_000700,vung-tau,Rio villa,https://www.ivivu.com/khach-san-vung-tau/rio-villa
IVU_000701,vung-tau,Thuyhomestay Phuoc Hai,https://www.ivivu.com/khach-san-vung-tau/thuyhomestay-phuoc-hai
IVU_000702,vung-tau,ML Homestay Vũng Tàu,https://www.ivivu.com/khach-san-vung-tau/ml-homestay-vung-tau
IVU_000703,vung-tau,Sunset Eco Resort Ho Coc,https://www.ivivu.com/khach-san-vung-tau/sunset-eco-resort-ho-coc
IVU_000704,vung-tau,Melaka Ho Tram - Beachside Bungalows,https://www.ivivu.com/khach-san-vung-tau/melaka-ho-tram-beachside-bungalows
IVU_000705,vung-tau,AMY MOTEL,https://www.ivivu.com/khach-san-vung-tau/amy-motel
IVU_000706,vung-tau,Melaka Hồ Tràm-Beachside Bungalows & NatureRetreat,https://www.ivivu.com/khach-san-vung-tau/melaka-ho-tram-beachside-bungalows-natureretreat
